0.0,0.00950420336532,0.00950420336532,0.00950420336532,0.00950420336532,0.00950420336532,0.0136783433314,0.0136783433314,0.0136783433314,0.0136783433314,0.0136783433314,0.0136783433314,0.0136783433314,0.0136783433314,0.0136783433314,0.0136783433314,0.0136783433314,0.0136783433314,0.0207788046067,0.0207788046067,0.0207788046067,0.0207788046067,0.0207788046067,0.0207788046067,0.0207788046067,0.0310005084284,0.0310005084284,0.0310005084284,0.0310005084284,0.0310005084284,0.0310005084284,0.0310005084284,0.0310005084284,0.0310005084284,0.0421201944717,0.0421201944717,0.0421201944717,0.0558754683771,0.0558754683771,0.0725375013011,0.0725375013011,0.0725375013011,0.092598705268,0.092598705268,0.115125884211,0.115125884211,0.150206582416,0.188005026986,0.188005026986,0.234844718241,0.234844718241,0.291291664061,0.36159426723,0.451090198469,0.586891125927,1.0,1.0
0.0,0.011662129145,0.011662129145,0.011662129145,0.011662129145,0.011662129145,0.011662129145,0.011662129145,0.011662129145,0.011662129145,0.011662129145,0.011662129145,0.011662129145,0.011662129145,0.011662129145,0.011662129145,0.011662129145,0.011662129145,0.0187951264153,0.0187951264153,0.0187951264153,0.0187951264153,0.0187951264153,0.0187951264153,0.0187951264153,0.0271482603031,0.0271482603031,0.0381605208964,0.0381605208964,0.0381605208964,0.0381605208964,0.0381605208964,0.0381605208964,0.0381605208964,0.0502641781332,0.0502641781332,0.0680290444658,0.0680290444658,0.0903629910592,0.116358740184,0.116358740184,0.147037432915,0.147037432915,0.183824677277,0.230855160342,0.2873328206,0.364712782684,0.471572602636,0.613469299654,1.0,1.0
0.0,0.00799531288973,0.00799531288973,0.00799531288973,0.00799531288973,0.00799531288973,0.0125883545534,0.0125883545534,0.0125883545534,0.0125883545534,0.0125883545534,0.0125883545534,0.0125883545534,0.0125883545534,0.0196826429869,0.0196826429869,0.0282829907602,0.0282829907602,0.0282829907602,0.0389913319561,0.0530526640945,0.0530526640945,0.0716760265867,0.0716760265867,0.102301190841,0.139184128433,0.139184128433,0.182155765776,0.232861241022,0.232861241022,0.311617946531,0.412438183586,0.575054534478,1.0,1.0
0.0,0.00717804615686,0.00717804615686,0.0128489061029,0.0128489061029,0.0128489061029,0.0128489061029,0.0199404171955,0.0199404171955,0.0199404171955,0.0199404171955,0.0199404171955,0.0199404171955,0.0199404171955,0.0283294560488,0.0283294560488,0.0382293539637,0.0382293539637,0.0382293539637,0.0382293539637,0.0382293539637,0.0382293539637,0.0382293539637,0.0534165989816,0.0534165989816,0.0534165989816,0.0731468198987,0.0731468198987,0.0975919721336,0.130517746907,0.175537233137,0.175537233137,0.226159602559,0.282102996404,0.353267636373,0.455731008166,0.594854093579,1.0,1.0
0.0,0.00827729149435,0.00827729149435,0.0154772475444,0.0154772475444,0.0154772475444,0.0154772475444,0.0154772475444,0.0154772475444,0.0154772475444,0.0154772475444,0.0154772475444,0.0154772475444,0.0154772475444,0.0154772475444,0.0154772475444,0.0235186942221,0.0235186942221,0.0235186942221,0.0235186942221,0.0235186942221,0.0235186942221,0.0235186942221,0.0335685618622,0.0335685618622,0.0335685618622,0.0335685618622,0.0335685618622,0.0455359245924,0.0455359245924,0.0455359245924,0.0625030022701,0.0625030022701,0.0625030022701,0.0625030022701,0.0823070452584,0.0823070452584,0.105378692798,0.135147302128,0.135147302128,0.175471891186,0.175471891186,0.221292551988,0.221292551988,0.276442427292,0.348021526512,0.4460487502,0.583788746417,1.0,1.0
0.0,0.00781548838726,0.0124393438316,0.0124393438316,0.0124393438316,0.0124393438316,0.0124393438316,0.0124393438316,0.0124393438316,0.0124393438316,0.0124393438316,0.0124393438316,0.0124393438316,0.0124393438316,0.0124393438316,0.0124393438316,0.0124393438316,0.0124393438316,0.0124393438316,0.0124393438316,0.0124393438316,0.0124393438316,0.0186123716195,0.0186123716195,0.0186123716195,0.0186123716195,0.0186123716195,0.0186123716195,0.0275385508973,0.0275385508973,0.0275385508973,0.0378201630797,0.0378201630797,0.0378201630797,0.0378201630797,0.0499963050514,0.0499963050514,0.0629922557358,0.0629922557358,0.0629922557358,0.0629922557358,0.0832084522628,0.104981791733,0.104981791733,0.134450508921,0.167069549345,0.211202249422,0.211202249422,0.264546679963,0.338228157994,0.448878695687,0.604938201129,1.0,1.0
0.0,0.0103392579105,0.0103392579105,0.0103392579105,0.0103392579105,0.0103392579105,0.0103392579105,0.0103392579105,0.0103392579105,0.0103392579105,0.0167354489805,0.0167354489805,0.0167354489805,0.0167354489805,0.0167354489805,0.0167354489805,0.0167354489805,0.0167354489805,0.0167354489805,0.0239695512658,0.0239695512658,0.032165223533,0.032165223533,0.032165223533,0.032165223533,0.0411284539493,0.0588625217484,0.0588625217484,0.0588625217484,0.0811338438476,0.0811338438476,0.108394374046,0.108394374046,0.143382187995,0.188581447136,0.248505116262,0.325905542618,0.42764733956,0.585607405149,1.0,1.0
0.0,0.00915318603681,0.00915318603681,0.00915318603681,0.00915318603681,0.00915318603681,0.00915318603681,0.00915318603681,0.00915318603681,0.00915318603681,0.00915318603681,0.00915318603681,0.00915318603681,0.00915318603681,0.0163497859271,0.0163497859271,0.0163497859271,0.0163497859271,0.0163497859271,0.0163497859271,0.0163497859271,0.0238893301362,0.0238893301362,0.0343189928521,0.0343189928521,0.0343189928521,0.0343189928521,0.0462985712235,0.0624598518219,0.0624598518219,0.0624598518219,0.0624598518219,0.0812287626567,0.0812287626567,0.0812287626567,0.0812287626567,0.10562856488,0.139007537352,0.179907669918,0.179907669918,0.226439979862,0.226439979862,0.289247524493,0.368280474541,0.468190999196,0.620798369603,1.0,1.0
0.0,0.0102709755686,0.0102709755686,0.0102709755686,0.0102709755686,0.0102709755686,0.0102709755686,0.0102709755686,0.0102709755686,0.0102709755686,0.0171671482795,0.0171671482795,0.0171671482795,0.0171671482795,0.0171671482795,0.0265015831975,0.0265015831975,0.0265015831975,0.0265015831975,0.0265015831975,0.0265015831975,0.0265015831975,0.0377957214869,0.0377957214869,0.0377957214869,0.0377957214869,0.0377957214869,0.0377957214869,0.0377957214869,0.0377957214869,0.0509004589858,0.0509004589858,0.0668981215257,0.0854098549248,0.0854098549248,0.0854098549248,0.111756902317,0.111756902317,0.143101762914,0.143101762914,0.17746775163,0.17746775163,0.219674531647,0.274627884494,0.337141372791,0.437245964033,0.595722419316,1.0,1.0
0.0,0.009604797378,0.009604797378,0.009604797378,0.009604797378,0.009604797378,0.009604797378,0.009604797378,0.009604797378,0.009604797378,0.009604797378,0.0159751631615,0.0159751631615,0.0159751631615,0.0228344362106,0.0228344362106,0.0228344362106,0.0228344362106,0.0228344362106,0.0228344362106,0.0316913377738,0.0316913377738,0.0316913377738,0.0316913377738,0.0316913377738,0.0417323142998,0.0417323142998,0.0417323142998,0.0417323142998,0.0417323142998,0.0567505305363,0.0567505305363,0.0567505305363,0.0739702203763,0.0946243733794,0.0946243733794,0.0946243733794,0.122863809039,0.157145955903,0.157145955903,0.195058035553,0.195058035553,0.248199196824,0.320192791152,0.418165115106,0.572177006342,1.0,1.0
0.0,0.0101685521187,0.0101685521187,0.0101685521187,0.0101685521187,0.0157340974911,0.0157340974911,0.0157340974911,0.0157340974911,0.0157340974911,0.0157340974911,0.0157340974911,0.0231037296487,0.0231037296487,0.0231037296487,0.0231037296487,0.0231037296487,0.0308699852918,0.0308699852918,0.0308699852918,0.0308699852918,0.0308699852918,0.0308699852918,0.0425691764646,0.0425691764646,0.0425691764646,0.0564076694289,0.0564076694289,0.0727442020647,0.0727442020647,0.0727442020647,0.0727442020647,0.0908840631427,0.0908840631427,0.112058282939,0.139253244999,0.139253244999,0.139253244999,0.177220476553,0.231547577185,0.301194468312,0.40063084474,0.556006106601,1.0,1.0
0.0,0.0107607289129,0.0107607289129,0.0107607289129,0.0107607289129,0.0107607289129,0.0107607289129,0.0107607289129,0.0107607289129,0.0107607289129,0.0107607289129,0.0107607289129,0.0107607289129,0.0107607289129,0.0107607289129,0.0107607289129,0.0169761855076,0.0169761855076,0.0169761855076,0.0169761855076,0.0169761855076,0.0169761855076,0.0254690918164,0.0254690918164,0.0254690918164,0.0254690918164,0.0254690918164,0.0254690918164,0.0254690918164,0.0354576894742,0.0354576894742,0.0354576894742,0.0354576894742,0.0507767687987,0.0676643345721,0.0676643345721,0.0676643345721,0.0870936957061,0.110734377529,0.110734377529,0.110734377529,0.137352678401,0.178007920572,0.178007920572,0.223756274566,0.277673449725,0.277673449725,0.355567157331,0.451689888187,0.580429621469,1.0,1.0
0.0,0.00882242989141,0.00882242989141,0.00882242989141,0.00882242989141,0.0143577821776,0.0143577821776,0.0143577821776,0.0143577821776,0.0143577821776,0.0223063536896,0.0223063536896,0.0223063536896,0.0223063536896,0.0223063536896,0.0223063536896,0.0223063536896,0.0223063536896,0.0223063536896,0.0315573793961,0.0315573793961,0.0315573793961,0.0315573793961,0.0423256174051,0.0423256174051,0.0423256174051,0.0423256174051,0.0423256174051,0.0594096715635,0.0594096715635,0.0594096715635,0.0787619774712,0.0787619774712,0.0787619774712,0.0787619774712,0.0787619774712,0.10032478711,0.125734301547,0.156650994116,0.156650994116,0.156650994116,0.194797856149,0.245094037181,0.309229333139,0.309229333139,0.385389826126,0.475039400521,0.602883885469,1.0,1.0
0.0,0.00534916862305,0.00534916862305,0.00534916862305,0.00869097216455,0.00869097216455,0.00869097216455,0.00869097216455,0.00869097216455,0.00869097216455,0.00869097216455,0.00869097216455,0.00869097216455,0.00869097216455,0.00869097216455,0.0127392158602,0.0127392158602,0.0202298974477,0.0296486223011,0.0296486223011,0.0296486223011,0.0413632667964,0.0413632667964,0.0591107191829,0.0591107191829,0.0816694279236,0.0816694279236,0.0816694279236,0.106384989176,0.106384989176,0.142020156457,0.142020156457,0.185239555293,0.242191761961,0.30653317856,0.30653317856,0.391625137653,0.515339793281,1.0,1.0
0.0,0.0101143982984,0.0101143982984,0.0101143982984,0.0101143982984,0.0101143982984,0.0101143982984,0.0101143982984,0.0157468606201,0.0157468606201,0.0157468606201,0.0157468606201,0.0157468606201,0.0157468606201,0.0157468606201,0.0157468606201,0.0157468606201,0.0157468606201,0.0157468606201,0.0157468606201,0.0233281879791,0.0233281879791,0.0233281879791,0.0233281879791,0.0233281879791,0.0233281879791,0.0233281879791,0.0233281879791,0.0362897827916,0.0362897827916,0.0362897827916,0.0362897827916,0.0362897827916,0.0362897827916,0.0499704493215,0.0499704493215,0.0499704493215,0.0499704493215,0.0680311031896,0.0680311031896,0.0882426237535,0.0882426237535,0.0882426237535,0.111504234525,0.111504234525,0.139635270249,0.139635270249,0.171691753114,0.214973329921,0.214973329921,0.262061439434,0.319503710338,0.319503710338,0.388351723665,0.469910496175,0.593723347595,1.0,1.0
0.0,0.00917729648003,0.00917729648003,0.00917729648003,0.00917729648003,0.00917729648003,0.00917729648003,0.00917729648003,0.00917729648003,0.00917729648003,0.00917729648003,0.00917729648003,0.016481795057,0.016481795057,0.016481795057,0.016481795057,0.016481795057,0.016481795057,0.0257945435225,0.0257945435225,0.0257945435225,0.0385831978515,0.0385831978515,0.0385831978515,0.053279660675,0.053279660675,0.053279660675,0.053279660675,0.0732150154951,0.0732150154951,0.0732150154951,0.0732150154951,0.0960406764405,0.0960406764405,0.121184065162,0.121184065162,0.149822466842,0.188855569548,0.234073717569,0.288143557987,0.288143557987,0.358417956457,0.463983638499,0.60996603401,1.0,1.0
0.0,0.00732982625757,0.00732982625757,0.0126849164208,0.0126849164208,0.0126849164208,0.0126849164208,0.0126849164208,0.0126849164208,0.0126849164208,0.0126849164208,0.0126849164208,0.0126849164208,0.0126849164208,0.0126849164208,0.0126849164208,0.0126849164208,0.0126849164208,0.0126849164208,0.0184752753048,0.0184752753048,0.0184752753048,0.0296756473577,0.0296756473577,0.0296756473577,0.0296756473577,0.0455818206138,0.0455818206138,0.0646824293701,0.0646824293701,0.0646824293701,0.0868936065808,0.0868936065808,0.0868936065808,0.0868936065808,0.114531709145,0.147182925793,0.147182925793,0.183388494923,0.183388494923,0.234841152024,0.299012033216,0.37313303001,0.478013220991,0.619899028939,1.0,1.0
0.0,0.00922254532146,0.00922254532146,0.00922254532146,0.00922254532146,0.00922254532146,0.00922254532146,0.00922254532146,0.00922254532146,0.00922254532146,0.00922254532146,0.00922254532146,0.00922254532146,0.00922254532146,0.00922254532146,0.00922254532146,0.0142576864663,0.0142576864663,0.0142576864663,0.0142576864663,0.0142576864663,0.0142576864663,0.0210895932506,0.0210895932506,0.0210895932506,0.0303236101971,0.0303236101971,0.0303236101971,0.0303236101971,0.0405969105679,0.0405969105679,0.0405969105679,0.0405969105679,0.0405969105679,0.0544929658554,0.0544929658554,0.0732811175754,0.0967369170171,0.0967369170171,0.124169398307,0.158980179686,0.205149193847,0.205149193847,0.205149193847,0.262452947727,0.328262249053,0.428553659088,0.574768069166,1.0,1.0
0.0,0.00809700508678,0.00809700508678,0.0129315396165,0.0129315396165,0.0129315396165,0.0129315396165,0.0129315396165,0.0129315396165,0.0129315396165,0.0190002851032,0.0190002851032,0.0190002851032,0.0190002851032,0.0190002851032,0.0190002851032,0.0283060835304,0.0283060835304,0.0283060835304,0.0283060835304,0.0283060835304,0.0283060835304,0.0415347043952,0.056375342826,0.056375342826,0.056375342826,0.056375342826,0.056375342826,0.0761529334389,0.0761529334389,0.0986084713328,0.0986084713328,0.127578236791,0.127578236791,0.127578236791,0.1596804682,0.211922198188,0.211922198188,0.273821677627,0.343856243341,0.431799497146,0.562472493683,1.0,1.0
0.0,0.00721193359528,0.00721193359528,0.00721193359528,0.00721193359528,0.00721193359528,0.0132052646126,0.0132052646126,0.0132052646126,0.0132052646126,0.0132052646126,0.0132052646126,0.0132052646126,0.0132052646126,0.0132052646126,0.0132052646126,0.0132052646126,0.0132052646126,0.0205498030845,0.0205498030845,0.0205498030845,0.0205498030845,0.0205498030845,0.0205498030845,0.0205498030845,0.0205498030845,0.0300749429272,0.0300749429272,0.0300749429272,0.0300749429272,0.0300749429272,0.0404174468993,0.0404174468993,0.0523917770603,0.0523917770603,0.0523917770603,0.0705192341737,0.0705192341737,0.0705192341737,0.0705192341737,0.0943718364909,0.0943718364909,0.119240003191,0.154386819341,0.154386819341,0.204214926418,0.266074758538,0.343370595495,0.343370595495,0.439887764124,0.577433162053,1.0,1.0
0.0,0.00796346500823,0.0131104739343,0.0131104739343,0.0131104739343,0.0131104739343,0.0131104739343,0.0131104739343,0.0131104739343,0.0131104739343,0.0131104739343,0.0131104739343,0.0131104739343,0.0131104739343,0.0131104739343,0.0131104739343,0.0212809761075,0.0131104739343,0.0212809761075,0.0212809761075,0.0212809761075,0.0212809761075,0.0306647182686,0.0306647182686,0.0306647182686,0.0406605293956,0.0406605293956,0.0406605293956,0.0535662783383,0.0535662783383,0.0535662783383,0.0676733185654,0.0676733185654,0.0676733185654,0.0863428389989,0.110994049659,0.143064680335,0.143064680335,0.143064680335,0.177915172048,0.22247607265,0.27911764196,0.27911764196,0.351114533743,0.440543141357,0.594187487468,1.0,1.0
0.0,0.0088348695554,0.0088348695554,0.0088348695554,0.0088348695554,0.0088348695554,0.0088348695554,0.0088348695554,0.0088348695554,0.0088348695554,0.0088348695554,0.0088348695554,0.0088348695554,0.0088348695554,0.0088348695554,0.0088348695554,0.0157805209253,0.0157805209253,0.0157805209253,0.0157805209253,0.0157805209253,0.0157805209253,0.0157805209253,0.0157805209253,0.0157805209253,0.0237624231607,0.0237624231607,0.0237624231607,0.034714958737,0.034714958737,0.034714958737,0.0500114637813,0.0500114637813,0.0707491317453,0.0707491317453,0.0707491317453,0.0929517472763,0.118943740596,0.118943740596,0.148205971531,0.148205971531,0.186197821278,0.231496510611,0.287120308094,0.287120308094,0.35540247012,0.448901995166,0.602562067517,1.0,1.0
0.0,0.00849673965151,0.00849673965151,0.00849673965151,0.00849673965151,0.00849673965151,0.00849673965151,0.0141079572197,0.0141079572197,0.0141079572197,0.0141079572197,0.0141079572197,0.0141079572197,0.0141079572197,0.0141079572197,0.0141079572197,0.0141079572197,0.0141079572197,0.0141079572197,0.0141079572197,0.0141079572197,0.0141079572197,0.0141079572197,0.0216838286043,0.0216838286043,0.0216838286043,0.0216838286043,0.0216838286043,0.0309043930545,0.0309043930545,0.0422280546201,0.0422280546201,0.0422280546201,0.0602056349957,0.0602056349957,0.0793496388913,0.0793496388913,0.0793496388913,0.104614283504,0.104614283504,0.133347338896,0.170604630104,0.210757478178,0.210757478178,0.255026194856,0.255026194856,0.308431850915,0.37561221737,0.461632692037,0.587713394916,1.0,1.0
0.0,0.011520030604,0.011520030604,0.011520030604,0.011520030604,0.011520030604,0.011520030604,0.011520030604,0.011520030604,0.011520030604,0.011520030604,0.011520030604,0.011520030604,0.0183161875463,0.0183161875463,0.0183161875463,0.0183161875463,0.0183161875463,0.0183161875463,0.0183161875463,0.0183161875463,0.0183161875463,0.0183161875463,0.0183161875463,0.0183161875463,0.0183161875463,0.0270005136035,0.0270005136035,0.0270005136035,0.0270005136035,0.0270005136035,0.038788903414,0.038788903414,0.038788903414,0.0543817152491,0.0543817152491,0.0739809296734,0.0739809296734,0.0947993627965,0.0947993627965,0.0947993627965,0.123832486195,0.123832486195,0.160621302363,0.200044850594,0.243282061414,0.294459517835,0.294459517835,0.369629949399,0.47236690346,0.617556471864,1.0,1.0
0.0,0.00844370281659,0.00844370281659,0.00844370281659,0.00844370281659,0.0147928507632,0.0147928507632,0.0147928507632,0.0147928507632,0.0147928507632,0.0147928507632,0.0147928507632,0.0147928507632,0.0147928507632,0.0147928507632,0.0147928507632,0.0147928507632,0.0242959232497,0.0242959232497,0.0242959232497,0.0242959232497,0.0242959232497,0.036222453826,0.036222453826,0.036222453826,0.036222453826,0.0486967766438,0.0486967766438,0.0486967766438,0.0486967766438,0.0636921861424,0.0828334069283,0.105708423326,0.131738581531,0.131738581531,0.164146854388,0.164146854388,0.207691794047,0.264005926249,0.339226562811,0.43518129196,0.43518129196,0.567204675867,1.0,1.0
0.0,0.00767781590352,0.00767781590352,0.00767781590352,0.00767781590352,0.00767781590352,0.00767781590352,0.00767781590352,0.0121662273544,0.0121662273544,0.0121662273544,0.0121662273544,0.0121662273544,0.0121662273544,0.0210312318245,0.0210312318245,0.0210312318245,0.0210312318245,0.0210312318245,0.0210312318245,0.0210312318245,0.0210312318245,0.0210312318245,0.0328581632628,0.0328581632628,0.0328581632628,0.0328581632628,0.0486452509546,0.0486452509546,0.0661760521263,0.0841620477108,0.0841620477108,0.0841620477108,0.106875317843,0.106875317843,0.132610848013,0.132610848013,0.168185932029,0.216918709454,0.27038261705,0.33918463121,0.33918463121,0.44556809965,0.59339282925,1.0,1.0
0.0,0.0106963825897,0.0106963825897,0.0106963825897,0.0106963825897,0.0106963825897,0.0106963825897,0.0106963825897,0.0106963825897,0.0106963825897,0.0106963825897,0.0106963825897,0.0106963825897,0.0106963825897,0.0106963825897,0.0106963825897,0.0106963825897,0.0106963825897,0.0106963825897,0.0189140970069,0.0189140970069,0.0189140970069,0.0189140970069,0.0274909665707,0.0274909665707,0.0274909665707,0.0274909665707,0.0382345788533,0.0382345788533,0.0533298055319,0.0533298055319,0.0724875628532,0.0724875628532,0.0974661947706,0.12408386428,0.12408386428,0.12408386428,0.156246534608,0.156246534608,0.193250542907,0.237759326592,0.292376372216,0.292376372216,0.366290856208,0.456748324961,0.587604080848,1.0,1.0
0.0,0.00872640295558,0.00872640295558,0.00872640295558,0.00872640295558,0.00872640295558,0.00872640295558,0.00872640295558,0.012870769927,0.00872640295558,0.00872640295558,0.012870769927,0.012870769927,0.012870769927,0.012870769927,0.012870769927,0.012870769927,0.0197659096828,0.0197659096828,0.0197659096828,0.0197659096828,0.0197659096828,0.0197659096828,0.0197659096828,0.0294728650181,0.0294728650181,0.0294728650181,0.0294728650181,0.0398822146056,0.0537502851402,0.071084294014,0.071084294014,0.0929982915253,0.0929982915253,0.117453954584,0.149733512543,0.149733512543,0.189791119306,0.189791119306,0.241664813708,0.318353814399,0.410041999229,0.549514694046,1.0,1.0
0.0,0.00973248227714,0.00973248227714,0.00973248227714,0.0161606597472,0.0161606597472,0.0161606597472,0.0161606597472,0.0161606597472,0.0161606597472,0.0161606597472,0.0161606597472,0.0161606597472,0.0161606597472,0.0161606597472,0.0161606597472,0.0243457286921,0.0243457286921,0.0243457286921,0.0243457286921,0.0243457286921,0.0243457286921,0.0243457286921,0.0243457286921,0.0243457286921,0.0345937420277,0.0345937420277,0.0345937420277,0.0345937420277,0.0488743233571,0.0488743233571,0.0658154156688,0.0873701571052,0.0873701571052,0.0873701571052,0.116096993609,0.116096993609,0.148794170741,0.148794170741,0.190400737607,0.236515902835,0.287844814879,0.357262418797,0.45134085393,0.45134085393,0.607578587295,1.0,1.0
0.0,0.00804301717611,0.00804301717611,0.00804301717611,0.00804301717611,0.00804301717611,0.00804301717611,0.00804301717611,0.0123770165674,0.0123770165674,0.0123770165674,0.0123770165674,0.0123770165674,0.0173299511902,0.0173299511902,0.0173299511902,0.0173299511902,0.0173299511902,0.0173299511902,0.0173299511902,0.0173299511902,0.0173299511902,0.0173299511902,0.0173299511902,0.0173299511902,0.0258480438889,0.0258480438889,0.0258480438889,0.0258480438889,0.0258480438889,0.0359285785899,0.0359285785899,0.0359285785899,0.0359285785899,0.0484524461172,0.0484524461172,0.0484524461172,0.0484524461172,0.0669071409293,0.0669071409293,0.0879275472129,0.112478549841,0.112478549841,0.112478549841,0.142471586897,0.174693803955,0.174693803955,0.217757852367,0.217757852367,0.271208218853,0.341604172717,0.434993288423,0.57030714433,1.0,1.0
0.0,0.00700702113465,0.00700702113465,0.0125866732033,0.00700702113465,0.00700702113465,0.0125866732033,0.0125866732033,0.0125866732033,0.0125866732033,0.021931140984,0.021931140984,0.021931140984,0.021931140984,0.021931140984,0.021931140984,0.0337194931322,0.0337194931322,0.0468534814063,0.063111096441,0.063111096441,0.0846541441807,0.0846541441807,0.110585997461,0.146313803293,0.188756641899,0.241821137177,0.241821137177,0.320077058643,0.418085509925,0.544016214994,1.0,1.0
0.0,0.00658117545253,0.00658117545253,0.00658117545253,0.00658117545253,0.0101819463852,0.0101819463852,0.0101819463852,0.0101819463852,0.0101819463852,0.0101819463852,0.0101819463852,0.0101819463852,0.0101819463852,0.0101819463852,0.0151779730764,0.0151779730764,0.0151779730764,0.0151779730764,0.0151779730764,0.0237703097269,0.0237703097269,0.0237703097269,0.0237703097269,0.0374915546814,0.0374915546814,0.0550217350225,0.0732335294215,0.0941275789138,0.0941275789138,0.118839832728,0.118839832728,0.158212468435,0.205180733504,0.261249659582,0.261249659582,0.33165302455,0.434559066734,0.583047437002,1.0,1.0
0.0,0.0105009085838,0.0105009085838,0.0105009085838,0.0105009085838,0.0105009085838,0.0105009085838,0.0105009085838,0.0105009085838,0.0105009085838,0.0105009085838,0.0105009085838,0.0105009085838,0.0105009085838,0.0105009085838,0.0105009085838,0.0176716856766,0.0176716856766,0.0176716856766,0.0176716856766,0.0176716856766,0.0176716856766,0.0176716856766,0.0176716856766,0.0176716856766,0.0176716856766,0.0176716856766,0.0176716856766,0.0176716856766,0.0176716856766,0.025666506226,0.025666506226,0.025666506226,0.0372185319755,0.0512734095169,0.0512734095169,0.0674207941639,0.0674207941639,0.0876697306835,0.0876697306835,0.110859660898,0.110859660898,0.110859660898,0.140402559332,0.17298565057,0.21837582749,0.21837582749,0.271568667095,0.333166325991,0.419000779677,0.53821638924,1.0,1.0
0.0,0.00777569258149,0.0127273819816,0.0127273819816,0.0127273819816,0.0127273819816,0.0127273819816,0.0127273819816,0.0127273819816,0.0127273819816,0.0127273819816,0.0127273819816,0.0127273819816,0.0127273819816,0.0127273819816,0.0127273819816,0.0208013996011,0.0208013996011,0.0208013996011,0.0208013996011,0.0208013996011,0.0208013996011,0.0208013996011,0.0208013996011,0.0208013996011,0.0309070076228,0.0309070076228,0.0309070076228,0.0309070076228,0.0439371205533,0.0439371205533,0.0439371205533,0.0439371205533,0.0586316414112,0.0586316414112,0.0586316414112,0.0754027569594,0.0754027569594,0.0946245282716,0.118854327796,0.118854327796,0.118854327796,0.148556575223,0.183057611148,0.183057611148,0.226285075125,0.279752901935,0.279752901935,0.341905095021,0.430824844438,0.568632533393,1.0,1.0
0.0,0.00670515034231,0.00670515034231,0.0109954267399,0.0109954267399,0.0109954267399,0.0109954267399,0.0109954267399,0.0109954267399,0.0166047896403,0.0166047896403,0.0166047896403,0.0228839315352,0.0228839315352,0.0228839315352,0.0228839315352,0.0228839315352,0.035360584227,0.035360584227,0.035360584227,0.035360584227,0.035360584227,0.035360584227,0.0512092416893,0.0512092416893,0.069863947919,0.069863947919,0.069863947919,0.0917032276032,0.118840392253,0.118840392253,0.148618048557,0.184924623486,0.2281699753,0.2281699753,0.286236462935,0.375797129972,0.508127977792,1.0,1.0
0.0,0.00561398502185,0.00561398502185,0.00561398502185,0.00561398502185,0.00561398502185,0.00561398502185,0.00561398502185,0.00863033026411,0.00863033026411,0.00863033026411,0.00863033026411,0.00863033026411,0.00863033026411,0.00863033026411,0.00863033026411,0.00863033026411,0.00863033026411,0.00863033026411,0.0127352611645,0.0127352611645,0.0127352611645,0.0127352611645,0.0127352611645,0.0127352611645,0.0203034235471,0.0203034235471,0.0203034235471,0.0297441660889,0.0297441660889,0.0297441660889,0.0297441660889,0.039737478727,0.0551042293111,0.0551042293111,0.0727943676601,0.104056364737,0.142811005242,0.194004587164,0.249030081539,0.249030081539,0.316085158868,0.40008892499,0.567731052254,1.0,1.0
0.0,0.0107370839196,0.0107370839196,0.00623163061616,0.0107370839196,0.0107370839196,0.0107370839196,0.0107370839196,0.0107370839196,0.0107370839196,0.0161791429943,0.0161791429943,0.0161791429943,0.0161791429943,0.0161791429943,0.0161791429943,0.0161791429943,0.0161791429943,0.0161791429943,0.0161791429943,0.0161791429943,0.0161791429943,0.0161791429943,0.0161791429943,0.0219702717781,0.0219702717781,0.0219702717781,0.0219702717781,0.0301210048252,0.0301210048252,0.0396648500969,0.0396648500969,0.0525875360544,0.0525875360544,0.0525875360544,0.0690867350774,0.0690867350774,0.0921828365375,0.0921828365375,0.118367532475,0.156665288076,0.199565354047,0.251677829263,0.251677829263,0.319535738564,0.41846161079,0.566774670664,1.0,1.0
0.0,0.00843204775644,0.00843204775644,0.00843204775644,0.00843204775644,0.00843204775644,0.00843204775644,0.00843204775644,0.00843204775644,0.00843204775644,0.00843204775644,0.00843204775644,0.00843204775644,0.00843204775644,0.00843204775644,0.00843204775644,0.0140673423806,0.0140673423806,0.0140673423806,0.0140673423806,0.0233038929612,0.0233038929612,0.034670538798,0.034670538798,0.034670538798,0.0468669062223,0.0468669062223,0.0620610270201,0.0620610270201,0.0815086687399,0.0815086687399,0.109263939973,0.140629109118,0.18383910191,0.18383910191,0.18383910191,0.230887612577,0.287385709574,0.287385709574,0.359688882131,0.468346299654,0.613385360335,1.0,1.0
0.0,0.00755297980614,0.00755297980614,0.00755297980614,0.00755297980614,0.00755297980614,0.00755297980614,0.00755297980614,0.00755297980614,0.00755297980614,0.00755297980614,0.00755297980614,0.00755297980614,0.00755297980614,0.0106420693267,0.0106420693267,0.0106420693267,0.0106420693267,0.0181576521066,0.0181576521066,0.0181576521066,0.0181576521066,0.0181576521066,0.0181576521066,0.0181576521066,0.0181576521066,0.0284632011862,0.0284632011862,0.0284632011862,0.0403230272824,0.0403230272824,0.0403230272824,0.0403230272824,0.0403230272824,0.0531606584073,0.0531606584073,0.0694407715211,0.0694407715211,0.0891921433794,0.0891921433794,0.115332187594,0.115332187594,0.149288475314,0.149288475314,0.193287904156,0.247768038427,0.247768038427,0.323878151896,0.421854910308,0.57274350734,1.0,1.0
0.0,0.00907446845592,0.00907446845592,0.00907446845592,0.00907446845592,0.00907446845592,0.00907446845592,0.00907446845592,0.00907446845592,0.00907446845592,0.00907446845592,0.0160981802039,0.0160981802039,0.0160981802039,0.0160981802039,0.0160981802039,0.0160981802039,0.0160981802039,0.0160981802039,0.0160981802039,0.0160981802039,0.024108941275,0.024108941275,0.024108941275,0.024108941275,0.0332158093557,0.0332158093557,0.0332158093557,0.0449173544274,0.0449173544274,0.0604592890694,0.0604592890694,0.0816184202313,0.0816184202313,0.0816184202313,0.0816184202313,0.10477359945,0.134598155555,0.134598155555,0.169786044551,0.208920094065,0.269732231502,0.347975596989,0.453921894861,0.602292222569,1.0,1.0
0.0,0.00718758532338,0.00718758532338,0.00718758532338,0.00718758532338,0.00718758532338,0.00718758532338,0.0131342893004,0.0131342893004,0.0131342893004,0.0131342893004,0.0131342893004,0.0131342893004,0.0198019773397,0.0198019773397,0.0198019773397,0.0198019773397,0.0282930256777,0.0282930256777,0.0282930256777,0.0282930256777,0.0282930256777,0.0384350757463,0.0384350757463,0.0384350757463,0.0570222846108,0.0766110215355,0.0766110215355,0.0985534843996,0.0985534843996,0.0985534843996,0.126458401664,0.15709429244,0.199514088543,0.251663978971,0.251663978971,0.330073759837,0.436244380961,0.589142200963,1.0,1.0
0.0,0.00644388998156,0.00644388998156,0.0121672933927,0.0121672933927,0.0121672933927,0.0121672933927,0.0121672933927,0.0121672933927,0.0121672933927,0.0121672933927,0.0180201362105,0.0180201362105,0.0180201362105,0.0180201362105,0.0260610756541,0.0260610756541,0.0260610756541,0.0260610756541,0.0360597729003,0.0360597729003,0.0360597729003,0.0360597729003,0.0472254719141,0.066370791508,0.0879538841402,0.0879538841402,0.0879538841402,0.0879538841402,0.116093092932,0.156683948846,0.204102195525,0.204102195525,0.262605728501,0.32841105991,0.416774685869,0.577045809215,1.0,1.0
0.0,0.0111483792219,0.0111483792219,0.0111483792219,0.0111483792219,0.0111483792219,0.0111483792219,0.0111483792219,0.0111483792219,0.0111483792219,0.0111483792219,0.0111483792219,0.0111483792219,0.0111483792219,0.016757088334,0.016757088334,0.016757088334,0.016757088334,0.016757088334,0.016757088334,0.016757088334,0.016757088334,0.016757088334,0.016757088334,0.023899535881,0.023899535881,0.023899535881,0.023899535881,0.0346000977271,0.0346000977271,0.0346000977271,0.0346000977271,0.0346000977271,0.0346000977271,0.0489767267905,0.0489767267905,0.0653083752188,0.0653083752188,0.0861518414555,0.0861518414555,0.108042241464,0.136845757436,0.136845757436,0.174064941804,0.174064941804,0.221031997937,0.221031997937,0.275228073085,0.351220398714,0.444750446629,0.591864714188,1.0,1.0
0.0,0.0103234429341,0.0103234429341,0.0103234429341,0.0103234429341,0.0156203917524,0.0156203917524,0.0156203917524,0.0156203917524,0.0156203917524,0.0232719810472,0.0232719810472,0.0232719810472,0.0232719810472,0.0232719810472,0.0232719810472,0.0232719810472,0.0232719810472,0.0326598187288,0.0326598187288,0.0326598187288,0.0326598187288,0.0428489378286,0.0428489378286,0.0428489378286,0.0562907681693,0.0750866886468,0.0750866886468,0.0750866886468,0.098815515901,0.098815515901,0.098815515901,0.127711846152,0.16211513064,0.16211513064,0.205742464015,0.205742464015,0.258990182525,0.320694770162,0.413260973806,0.565555255558,1.0,1.0
0.0,0.00887705047271,0.00887705047271,0.00887705047271,0.00887705047271,0.00887705047271,0.013695979051,0.013695979051,0.013695979051,0.013695979051,0.013695979051,0.013695979051,0.013695979051,0.013695979051,0.013695979051,0.013695979051,0.013695979051,0.013695979051,0.013695979051,0.0200476844933,0.0200476844933,0.0200476844933,0.0267221380679,0.0267221380679,0.0267221380679,0.0267221380679,0.0267221380679,0.0267221380679,0.0362562671593,0.0362562671593,0.0362562671593,0.0362562671593,0.0362562671593,0.0362562671593,0.0502318297394,0.0678681796265,0.0678681796265,0.0678681796265,0.0873644831016,0.110473622145,0.140778125753,0.140778125753,0.175832476952,0.216263708851,0.285237442542,0.285237442542,0.3675850679,0.473027943703,0.618169245206,1.0,1.0
0.0,0.00837200155747,0.00837200155747,0.00837200155747,0.00837200155747,0.00837200155747,0.00837200155747,0.00837200155747,0.00837200155747,0.00837200155747,0.00837200155747,0.0134133774367,0.0134133774367,0.0134133774367,0.0134133774367,0.0134133774367,0.0134133774367,0.0216188979366,0.0216188979366,0.0216188979366,0.0310131814082,0.0310131814082,0.0447018789025,0.0447018789025,0.0632854969808,0.0632854969808,0.0846108838774,0.110956519134,0.110956519134,0.139496104613,0.139496104613,0.176512733882,0.224507121008,0.224507121008,0.292844893473,0.292844893473,0.411693361641,0.566224338005,1.0,1.0
0.0,0.00804710622716,0.00804710622716,0.00804710622716,0.0144963675425,0.0144963675425,0.0144963675425,0.0144963675425,0.0144963675425,0.0144963675425,0.0144963675425,0.0144963675425,0.0144963675425,0.0144963675425,0.0144963675425,0.0214950657478,0.0214950657478,0.0214950657478,0.0346238420067,0.0346238420067,0.0346238420067,0.0346238420067,0.0501328052629,0.0501328052629,0.0501328052629,0.0501328052629,0.0501328052629,0.0501328052629,0.0501328052629,0.0501328052629,0.066812797286,0.066812797286,0.066812797286,0.0887145484307,0.0887145484307,0.114334414963,0.146796659174,0.146796659174,0.185919380648,0.23061287717,0.285546278184,0.285546278184,0.357002069573,0.455369419532,0.609860440498,1.0,1.0
0.0,0.012006812638,0.012006812638,0.012006812638,0.012006812638,0.012006812638,0.012006812638,0.012006812638,0.0191762785082,0.0191762785082,0.0191762785082,0.0191762785082,0.0191762785082,0.0191762785082,0.0191762785082,0.0191762785082,0.0191762785082,0.0191762785082,0.0191762785082,0.0191762785082,0.0191762785082,0.0191762785082,0.0191762785082,0.0277641619723,0.0277641619723,0.0191762785082,0.0277641619723,0.0277641619723,0.0277641619723,0.0277641619723,0.0277641619723,0.0277641619723,0.0277641619723,0.0277641619723,0.0277641619723,0.0277641619723,0.0277641619723,0.0277641619723,0.0277641619723,0.0383022528223,0.0383022528223,0.0383022528223,0.0383022528223,0.0502539093247,0.0502539093247,0.0502539093247,0.0640340069594,0.0640340069594,0.0640340069594,0.0847947776725,0.0847947776725,0.106526974306,0.106526974306,0.137188121207,0.170316699734,0.170316699734,0.170316699734,0.210029297784,0.252864795892,0.312657433319,0.387800376816,0.474960031183,0.615052128331,1.0,1.0
0.0,0.0111607632456,0.0111607632456,0.0111607632456,0.0111607632456,0.0111607632456,0.0111607632456,0.0111607632456,0.0111607632456,0.0111607632456,0.0111607632456,0.0111607632456,0.0111607632456,0.0170421460421,0.0170421460421,0.0170421460421,0.0170421460421,0.0170421460421,0.0170421460421,0.0170421460421,0.0170421460421,0.0170421460421,0.0170421460421,0.023596682534,0.023596682534,0.023596682534,0.023596682534,0.023596682534,0.023596682534,0.023596682534,0.0328516547984,0.0328516547984,0.0328516547984,0.0328516547984,0.0328516547984,0.0328516547984,0.0437499323069,0.0437499323069,0.0610300756808,0.0610300756808,0.0800840373655,0.0800840373655,0.0800840373655,0.102428454766,0.102428454766,0.13074403024,0.167042300813,0.207328468999,0.252030663552,0.252030663552,0.303341477819,0.303341477819,0.303341477819,0.369165224791,0.461813934808,0.6082034905,1.0,1.0
0.0,0.0115679956076,0.0115679956076,0.0115679956076,0.0115679956076,0.0115679956076,0.0115679956076,0.0115679956076,0.0115679956076,0.0115679956076,0.0115679956076,0.0115679956076,0.0115679956076,0.0115679956076,0.0186863412293,0.0186863412293,0.0186863412293,0.0186863412293,0.0186863412293,0.0287777441175,0.0287777441175,0.0287777441175,0.0287777441175,0.0287777441175,0.0287777441175,0.0287777441175,0.0287777441175,0.0287777441175,0.0406828158807,0.0406828158807,0.0406828158807,0.0406828158807,0.0406828158807,0.0541536639692,0.0708148198031,0.0708148198031,0.0918550143686,0.0918550143686,0.118769420653,0.118769420653,0.148805251082,0.148805251082,0.185207160324,0.185207160324,0.22410264402,0.274784542178,0.338730308978,0.436331273028,0.582510495882,1.0,1.0
0.0,0.0127636697232,0.0127636697232,0.0127636697232,0.0127636697232,0.0127636697232,0.0127636697232,0.0184857446759,0.0184857446759,0.0184857446759,0.0184857446759,0.0184857446759,0.0184857446759,0.0184857446759,0.0184857446759,0.0184857446759,0.0184857446759,0.0184857446759,0.0184857446759,0.0184857446759,0.0289311626124,0.0289311626124,0.0289311626124,0.0289311626124,0.0289311626124,0.0289311626124,0.0410749022982,0.0410749022982,0.0410749022982,0.0410749022982,0.0567586570612,0.0567586570612,0.0760505101238,0.0760505101238,0.0760505101238,0.0760505101238,0.0980411376231,0.0980411376231,0.121742724444,0.121742724444,0.150212830658,0.150212830658,0.184806337807,0.224466623972,0.279883636739,0.279883636739,0.355122147622,0.445249170242,0.566272412109,1.0,1.0
0.0,0.00697026548923,0.00697026548923,0.00697026548923,0.00697026548923,0.00697026548923,0.00697026548923,0.00697026548923,0.0110758611728,0.0110758611728,0.0110758611728,0.0110758611728,0.0110758611728,0.0110758611728,0.0175599600067,0.0175599600067,0.0175599600067,0.0175599600067,0.0175599600067,0.0175599600067,0.0175599600067,0.0257812672519,0.0257812672519,0.0257812672519,0.0257812672519,0.0257812672519,0.0257812672519,0.0383761718307,0.0383761718307,0.0383761718307,0.0383761718307,0.0542139384568,0.0542139384568,0.0542139384568,0.0721263164387,0.0721263164387,0.0950361312142,0.120317360143,0.120317360143,0.120317360143,0.150088956312,0.191173920447,0.247890786208,0.310603917793,0.410989627924,0.54554936504,1.0,1.0
0.0,0.00948498559463,0.00948498559463,0.00948498559463,0.00948498559463,0.00948498559463,0.00948498559463,0.00948498559463,0.00948498559463,0.00948498559463,0.00948498559463,0.00948498559463,0.0159469584396,0.0159469584396,0.0159469584396,0.0159469584396,0.0242731489363,0.0242731489363,0.0242731489363,0.0242731489363,0.0242731489363,0.0242731489363,0.0242731489363,0.0242731489363,0.0242731489363,0.0242731489363,0.0242731489363,0.0360891083578,0.0360891083578,0.0490040718202,0.0490040718202,0.0645566345178,0.0645566345178,0.0645566345178,0.0645566345178,0.0848287302859,0.110340199146,0.110340199146,0.110340199146,0.139823054353,0.139823054353,0.139823054353,0.173800676599,0.220490660427,0.274360741575,0.274360741575,0.337179798041,0.420828653951,0.557654707697,1.0,1.0
0.0,0.0093710323656,0.0093710323656,0.0093710323656,0.0093710323656,0.0093710323656,0.0093710323656,0.0093710323656,0.0093710323656,0.0093710323656,0.0093710323656,0.0155382822477,0.0155382822477,0.0155382822477,0.0155382822477,0.0155382822477,0.0155382822477,0.0155382822477,0.0155382822477,0.0241329708053,0.0241329708053,0.0241329708053,0.0241329708053,0.0241329708053,0.0241329708053,0.0241329708053,0.0241329708053,0.0340105629752,0.0340105629752,0.0340105629752,0.0340105629752,0.0467056052567,0.0467056052567,0.0467056052567,0.0635582678779,0.0635582678779,0.0858213407563,0.113927872774,0.113927872774,0.113927872774,0.148329743026,0.148329743026,0.148329743026,0.186442522593,0.229491079092,0.295492613072,0.295492613072,0.376430116834,0.479362901327,0.616097212911,1.0,1.0
0.0,0.00539357482498,0.00928633861137,0.00928633861137,0.00928633861137,0.00928633861137,0.00928633861137,0.00928633861137,0.00928633861137,0.00928633861137,0.00928633861137,0.0151739537671,0.0151739537671,0.0151739537671,0.022670283888,0.022670283888,0.022670283888,0.0335915601665,0.0335915601665,0.0335915601665,0.0335915601665,0.0335915601665,0.0486094645969,0.0486094645969,0.0680542421608,0.0940680219452,0.121415001281,0.121415001281,0.160384372606,0.203748248335,0.257433028439,0.257433028439,0.330009743943,0.428700108612,0.577029679084,1.0,1.0
0.0,0.00870070676029,0.00870070676029,0.00870070676029,0.00870070676029,0.00870070676029,0.00870070676029,0.00870070676029,0.00870070676029,0.00870070676029,0.01439834354,0.01439834354,0.01439834354,0.01439834354,0.01439834354,0.01439834354,0.01439834354,0.0202287702152,0.0202287702152,0.0202287702152,0.0202287702152,0.0202287702152,0.0270248972776,0.0270248972776,0.0270248972776,0.0270248972776,0.0270248972776,0.0270248972776,0.0270248972776,0.0386402512642,0.0386402512642,0.0552392728663,0.0552392728663,0.0745935359001,0.0745935359001,0.0745935359001,0.0745935359001,0.0989397583227,0.0989397583227,0.126976824452,0.161884147086,0.205188103406,0.255724103304,0.336385488074,0.44786550755,0.594754607784,1.0,1.0
0.0,0.00666680497768,0.0109409915862,0.0109409915862,0.0109409915862,0.0109409915862,0.0109409915862,0.0109409915862,0.0109409915862,0.0109409915862,0.0164140553867,0.0164140553867,0.0164140553867,0.0164140553867,0.0164140553867,0.0164140553867,0.0234139055971,0.0234139055971,0.0234139055971,0.0234139055971,0.0234139055971,0.0234139055971,0.0234139055971,0.0234139055971,0.0234139055971,0.0234139055971,0.0234139055971,0.0234139055971,0.0234139055971,0.0320939588531,0.0320939588531,0.0320939588531,0.0421546786191,0.0421546786191,0.0553944515148,0.0726284478797,0.0726284478797,0.0922234754638,0.0922234754638,0.0922234754638,0.0922234754638,0.120433461591,0.120433461591,0.120433461591,0.152716287181,0.192574875821,0.244290549934,0.314928461125,0.401130213116,0.56003867397,1.0,1.0
0.0,0.00856400638103,0.00856400638103,0.00856400638103,0.00856400638103,0.00856400638103,0.0147635144032,0.0147635144032,0.00856400638103,0.0147635144032,0.0147635144032,0.0147635144032,0.0147635144032,0.0147635144032,0.0147635144032,0.0147635144032,0.0147635144032,0.0147635144032,0.0147635144032,0.0225365326088,0.0225365326088,0.0225365326088,0.0225365326088,0.0225365326088,0.0225365326088,0.0225365326088,0.0225365326088,0.0344606094582,0.0344606094582,0.0344606094582,0.0344606094582,0.0468258747147,0.0468258747147,0.0468258747147,0.0622838955968,0.0622838955968,0.0622838955968,0.0798388136638,0.0798388136638,0.103862219293,0.103862219293,0.129749198764,0.160956464549,0.160956464549,0.200684631036,0.249205516777,0.249205516777,0.3087770188,0.38740031671,0.483622214685,0.617038380535,1.0,1.0
0.0,0.00787906883273,0.00787906883273,0.00787906883273,0.00787906883273,0.00787906883273,0.00787906883273,0.00787906883273,0.00787906883273,0.00787906883273,0.00787906883273,0.00787906883273,0.00787906883273,0.00787906883273,0.00787906883273,0.013928843746,0.013928843746,0.013928843746,0.013928843746,0.013928843746,0.013928843746,0.013928843746,0.013928843746,0.013928843746,0.013928843746,0.013928843746,0.013928843746,0.0227317254695,0.0227317254695,0.0227317254695,0.0227317254695,0.0227317254695,0.032971955666,0.032971955666,0.032971955666,0.032971955666,0.032971955666,0.032971955666,0.0445383248955,0.0445383248955,0.0445383248955,0.0588849059347,0.0588849059347,0.0588849059347,0.0790898770447,0.0790898770447,0.100490183972,0.100490183972,0.100490183972,0.126607766679,0.126607766679,0.156714352553,0.196939247871,0.196939247871,0.250048351632,0.308952598616,0.382060784933,0.479980369265,0.628654674856,1.0,1.0
0.0,0.00961452695137,0.00961452695137,0.00961452695137,0.00961452695137,0.00961452695137,0.00961452695137,0.00961452695137,0.00961452695137,0.00961452695137,0.00961452695137,0.00961452695137,0.00961452695137,0.016365381451,0.016365381451,0.016365381451,0.016365381451,0.016365381451,0.0241534330425,0.0241534330425,0.0241534330425,0.0241534330425,0.0241534330425,0.0362416917966,0.0362416917966,0.0362416917966,0.0362416917966,0.0510597543208,0.0510597543208,0.0510597543208,0.0510597543208,0.0510597543208,0.0510597543208,0.0707805303473,0.0707805303473,0.0707805303473,0.0707805303473,0.0707805303473,0.0707805303473,0.093704777344,0.117898016097,0.151838091915,0.151838091915,0.189863429467,0.189863429467,0.189863429467,0.239132531073,0.239132531073,0.301671176291,0.377095754878,0.477885955191,0.621237453785,1.0,1.0
0.0,0.00671970155687,0.00671970155687,0.00671970155687,0.00671970155687,0.0106720443844,0.0106720443844,0.0106720443844,0.0106720443844,0.0106720443844,0.0106720443844,0.0106720443844,0.0106720443844,0.0106720443844,0.0162216392982,0.0240796048837,0.0240796048837,0.0240796048837,0.0240796048837,0.0366765144427,0.0366765144427,0.0532080439702,0.0532080439702,0.0532080439702,0.0532080439702,0.0738397318188,0.102546530228,0.102546530228,0.13766293814,0.180780105991,0.231786484614,0.231786484614,0.297625391981,0.381861939653,0.525024215417,1.0,1.0
0.0,0.00668145936007,0.00668145936007,0.00668145936007,0.00668145936007,0.00668145936007,0.00668145936007,0.0108786032338,0.0108786032338,0.0108786032338,0.0108786032338,0.0108786032338,0.0108786032338,0.0108786032338,0.0108786032338,0.0175325710969,0.0175325710969,0.0175325710969,0.0259495696319,0.0259495696319,0.0259495696319,0.0259495696319,0.0364684946736,0.0364684946736,0.0509640884158,0.0700029703997,0.0700029703997,0.0700029703997,0.0903264944623,0.123201179833,0.123201179833,0.162466280851,0.162466280851,0.207774011115,0.274309175497,0.362787499019,0.502500157394,1.0,1.0
0.0,0.00696773991362,0.0114519343041,0.0114519343041,0.0114519343041,0.0114519343041,0.0114519343041,0.0114519343041,0.0114519343041,0.0114519343041,0.0114519343041,0.0114519343041,0.0114519343041,0.0114519343041,0.0114519343041,0.0175420670562,0.0175420670562,0.0175420670562,0.0175420670562,0.0175420670562,0.0175420670562,0.0175420670562,0.0175420670562,0.0175420670562,0.0175420670562,0.0271801096882,0.0271801096882,0.0394066069001,0.0394066069001,0.0394066069001,0.0532064561047,0.0532064561047,0.0701428117596,0.0701428117596,0.0889493844468,0.111163077147,0.111163077147,0.138943897592,0.138943897592,0.178561299565,0.224577125715,0.28111184839,0.28111184839,0.353828298576,0.444555894397,0.583296833319,1.0,1.0
0.0,0.00584147054732,0.00584147054732,0.00584147054732,0.00584147054732,0.00584147054732,0.00584147054732,0.00584147054732,0.00584147054732,0.00925192972643,0.00925192972643,0.00925192972643,0.00925192972643,0.00925192972643,0.00925192972643,0.00925192972643,0.00925192972643,0.00925192972643,0.0135825677985,0.020100963524,0.020100963524,0.0275020089028,0.0275020089028,0.0389281128296,0.0389281128296,0.0389281128296,0.0519542170223,0.0519542170223,0.072159490662,0.0964913918365,0.0964913918365,0.0964913918365,0.0964913918365,0.130181277601,0.168592204051,0.215458777764,0.215458777764,0.283848081667,0.283848081667,0.366936610212,0.530499094122,1.0,1.0
0.0,0.00719633137054,0.00719633137054,0.0128290513931,0.0128290513931,0.0128290513931,0.0128290513931,0.0128290513931,0.0128290513931,0.0128290513931,0.0128290513931,0.0128290513931,0.0128290513931,0.0128290513931,0.0128290513931,0.0128290513931,0.0190394493817,0.0190394493817,0.0190394493817,0.0190394493817,0.0190394493817,0.0190394493817,0.0190394493817,0.0271916816791,0.0271916816791,0.0271916816791,0.0271916816791,0.0271916816791,0.0271916816791,0.038266736152,0.038266736152,0.038266736152,0.0508987969963,0.0508987969963,0.0508987969963,0.0508987969963,0.0508987969963,0.066894808494,0.0875087456974,0.0875087456974,0.0875087456974,0.11240843145,0.11240843145,0.142855670959,0.184235397441,0.230992939216,0.230992939216,0.290059140141,0.362037322835,0.455033369549,0.582861241847,1.0,1.0
0.0,0.00931277628747,0.00931277628747,0.00931277628747,0.00931277628747,0.00931277628747,0.00931277628747,0.00931277628747,0.00931277628747,0.0163039865708,0.0163039865708,0.0163039865708,0.0163039865708,0.0163039865708,0.0163039865708,0.0163039865708,0.0246742751735,0.0246742751735,0.0246742751735,0.0163039865708,0.0246742751735,0.0246742751735,0.0246742751735,0.0246742751735,0.0365533425334,0.0365533425334,0.0501644749193,0.0501644749193,0.0501644749193,0.065192479085,0.065192479085,0.0860928706521,0.0860928706521,0.111294633237,0.143385753786,0.143385753786,0.179523064447,0.229987497401,0.229987497401,0.285857717385,0.362910477125,0.465114523626,0.60866815121,1.0,1.0
0.0,0.0116712920949,0.00657210414681,0.00657210414681,0.00657210414681,0.0116712920949,0.0116712920949,0.0116712920949,0.0116712920949,0.0177782101261,0.0177782101261,0.0177782101261,0.0177782101261,0.0177782101261,0.0177782101261,0.0177782101261,0.0177782101261,0.0177782101261,0.0177782101261,0.0177782101261,0.0249746875923,0.0249746875923,0.0249746875923,0.0249746875923,0.0249746875923,0.0249746875923,0.0249746875923,0.0249746875923,0.0249746875923,0.0354886212223,0.0354886212223,0.0354886212223,0.049671761766,0.049671761766,0.0658860637169,0.0910272288098,0.0910272288098,0.116973525237,0.116973525237,0.116973525237,0.14654013446,0.181400829288,0.222064224396,0.27757232923,0.27757232923,0.342702159783,0.432162641283,0.576704692483,1.0,1.0
0.0,0.00681920232963,0.00681920232963,0.00681920232963,0.0124606883563,0.0124606883563,0.0124606883563,0.0124606883563,0.0124606883563,0.0192089100628,0.0192089100628,0.0192089100628,0.0192089100628,0.0192089100628,0.027223303089,0.027223303089,0.027223303089,0.027223303089,0.027223303089,0.027223303089,0.027223303089,0.027223303089,0.027223303089,0.027223303089,0.0377798502223,0.0377798502223,0.050706377137,0.050706377137,0.050706377137,0.0667704921967,0.0844548242287,0.107587806825,0.107587806825,0.141897499205,0.141897499205,0.185046304014,0.185046304014,0.236464945787,0.29583695021,0.385080667437,0.536050920339,1.0,1.0
0.0,0.00830277279024,0.00830277279024,0.00830277279024,0.00830277279024,0.00830277279024,0.00830277279024,0.00830277279024,0.00830277279024,0.00830277279024,0.0135965379493,0.0135965379493,0.0135965379493,0.0135965379493,0.0135965379493,0.0135965379493,0.0135965379493,0.0135965379493,0.0135965379493,0.0135965379493,0.0135965379493,0.0201975207373,0.0201975207373,0.0201975207373,0.0201975207373,0.0201975207373,0.0201975207373,0.0201975207373,0.0201975207373,0.0291135475231,0.0291135475231,0.0291135475231,0.0291135475231,0.0291135475231,0.0291135475231,0.0291135475231,0.0407141800577,0.0407141800577,0.0407141800577,0.0407141800577,0.0407141800577,0.0407141800577,0.0407141800577,0.0569327823973,0.0569327823973,0.0569327823973,0.0569327823973,0.0743670273518,0.0743670273518,0.0971384777251,0.123032892026,0.123032892026,0.154304408636,0.154304408636,0.193644479147,0.193644479147,0.239030639252,0.300033525453,0.300033525453,0.371069808327,0.468882923036,0.614522780279,1.0,1.0
0.0,0.00681289994826,0.00681289994826,0.00681289994826,0.00681289994826,0.0118642043333,0.0118642043333,0.0118642043333,0.0118642043333,0.0118642043333,0.0118642043333,0.0118642043333,0.0118642043333,0.0118642043333,0.0118642043333,0.0118642043333,0.0118642043333,0.0118642043333,0.0180548063446,0.0180548063446,0.0180548063446,0.0282599145621,0.0282599145621,0.0282599145621,0.0282599145621,0.0282599145621,0.041621117805,0.041621117805,0.041621117805,0.0597406687202,0.0597406687202,0.0797492410526,0.102254160529,0.102254160529,0.131212332138,0.131212332138,0.163468445063,0.204017333017,0.259533384453,0.259533384453,0.331732381704,0.424266544761,0.551312606246,1.0,1.0
0.0,0.0119439159187,0.0119439159187,0.0119439159187,0.0119439159187,0.0119439159187,0.0119439159187,0.0119439159187,0.0119439159187,0.0119439159187,0.0119439159187,0.0119439159187,0.0119439159187,0.0119439159187,0.0119439159187,0.0119439159187,0.0119439159187,0.0119439159187,0.0204784765672,0.0204784765672,0.0204784765672,0.0204784765672,0.0204784765672,0.0204784765672,0.0204784765672,0.0294785526935,0.0294785526935,0.0294785526935,0.0294785526935,0.0294785526935,0.0294785526935,0.0294785526935,0.0294785526935,0.0408319684418,0.0408319684418,0.0408319684418,0.0408319684418,0.0408319684418,0.0540224358458,0.0696670473348,0.0696670473348,0.0696670473348,0.0880894160985,0.0880894160985,0.0880894160985,0.112664985113,0.112664985113,0.112664985113,0.140327743673,0.169968207408,0.169968207408,0.207259255403,0.207259255403,0.207259255403,0.247776779214,0.299843406884,0.376760369671,0.477385129695,0.609504698823,1.0,1.0
0.0,0.010933328106,0.010933328106,0.010933328106,0.010933328106,0.010933328106,0.010933328106,0.010933328106,0.010933328106,0.010933328106,0.010933328106,0.010933328106,0.010933328106,0.010933328106,0.010933328106,0.010933328106,0.010933328106,0.010933328106,0.010933328106,0.010933328106,0.017570386908,0.017570386908,0.017570386908,0.017570386908,0.017570386908,0.0256176340668,0.0256176340668,0.0256176340668,0.035640550959,0.035640550959,0.035640550959,0.035640550959,0.035640550959,0.035640550959,0.035640550959,0.035640550959,0.0472877863864,0.0472877863864,0.0472877863864,0.0472877863864,0.0472877863864,0.0631879458821,0.0829657016324,0.0829657016324,0.109602034338,0.109602034338,0.143475858032,0.143475858032,0.183509069483,0.235387758957,0.296234898515,0.296234898515,0.371635411981,0.465732736268,0.611170077349,1.0,1.0
0.0,0.00698441903971,0.00698441903971,0.00698441903971,0.00698441903971,0.00698441903971,0.00698441903971,0.00698441903971,0.00698441903971,0.00698441903971,0.0115477818517,0.0115477818517,0.0115477818517,0.0115477818517,0.0115477818517,0.016782385744,0.016782385744,0.016782385744,0.016782385744,0.016782385744,0.016782385744,0.016782385744,0.0238089811593,0.0238089811593,0.0238089811593,0.0334350689949,0.0334350689949,0.0334350689949,0.0334350689949,0.0334350689949,0.0489280800514,0.0489280800514,0.0664002490356,0.0885977607543,0.0885977607543,0.117519924616,0.117519924616,0.150917104784,0.190491123351,0.240665388602,0.300375632242,0.394098060108,0.511999121501,1.0,1.0
0.0,0.00923608198098,0.00923608198098,0.00923608198098,0.00923608198098,0.00923608198098,0.00923608198098,0.00923608198098,0.00923608198098,0.00923608198098,0.00923608198098,0.00923608198098,0.00923608198098,0.00923608198098,0.0148925984746,0.0148925984746,0.0148925984746,0.0148925984746,0.0148925984746,0.0148925984746,0.0214152169161,0.0214152169161,0.0214152169161,0.0214152169161,0.0296657275658,0.0296657275658,0.0382921786771,0.0488752749131,0.0488752749131,0.066358554749,0.066358554749,0.066358554749,0.0885901217479,0.0885901217479,0.119397699981,0.15496560242,0.15496560242,0.196331865328,0.249937067603,0.249937067603,0.319569486261,0.422822709993,0.583597922141,1.0,1.0
0.0,0.00655734934963,0.0109189665046,0.0109189665046,0.0109189665046,0.0109189665046,0.0109189665046,0.0109189665046,0.0156109956889,0.0109189665046,0.0156109956889,0.0156109956889,0.0156109956889,0.0156109956889,0.0156109956889,0.0156109956889,0.0156109956889,0.0156109956889,0.0215595595554,0.0215595595554,0.0215595595554,0.0215595595554,0.0215595595554,0.0215595595554,0.0215595595554,0.0215595595554,0.0304737729361,0.0304737729361,0.0304737729361,0.0304737729361,0.0304737729361,0.0431682632113,0.0431682632113,0.057191438858,0.0742297326046,0.0742297326046,0.0973887260743,0.127265674985,0.16505046806,0.16505046806,0.21136060121,0.265684215455,0.3310442128,0.424234656728,0.590836958002,1.0,1.0
0.0,0.00863028887931,0.00863028887931,0.00863028887931,0.00863028887931,0.00863028887931,0.00863028887931,0.00863028887931,0.00863028887931,0.00863028887931,0.00863028887931,0.00863028887931,0.0154302145677,0.0154302145677,0.0154302145677,0.0154302145677,0.0154302145677,0.0154302145677,0.0154302145677,0.0154302145677,0.0154302145677,0.0154302145677,0.0226797916216,0.0226797916216,0.0226797916216,0.0226797916216,0.03226993649,0.03226993649,0.03226993649,0.03226993649,0.03226993649,0.0446263287199,0.0446263287199,0.0581990447163,0.0581990447163,0.0581990447163,0.0770383126121,0.0770383126121,0.101275095568,0.12954919556,0.164982327107,0.210639481252,0.264450876383,0.264450876383,0.332124280501,0.431255281425,0.572306259296,1.0,1.0
0.0,0.00943030841937,0.00943030841937,0.00943030841937,0.00943030841937,0.00943030841937,0.00943030841937,0.00943030841937,0.00943030841937,0.00943030841937,0.00943030841937,0.00943030841937,0.00943030841937,0.0137264380447,0.0137264380447,0.0137264380447,0.0137264380447,0.0137264380447,0.0137264380447,0.0196549680747,0.0196549680747,0.0196549680747,0.0196549680747,0.0196549680747,0.0196549680747,0.0196549680747,0.0291244532604,0.0291244532604,0.0407400044452,0.0291244532604,0.0407400044452,0.0407400044452,0.0407400044452,0.0407400044452,0.0569280048269,0.0756736851807,0.0756736851807,0.0989978183658,0.125394065624,0.125394065624,0.161597975925,0.161597975925,0.208146882983,0.265407908855,0.265407908855,0.343530214028,0.444108266532,0.577507719677,1.0,1.0
0.0,0.00944856830528,0.00944856830528,0.00944856830528,0.00944856830528,0.01473646647,0.01473646647,0.01473646647,0.01473646647,0.01473646647,0.01473646647,0.01473646647,0.01473646647,0.01473646647,0.01473646647,0.01473646647,0.0218433337016,0.0218433337016,0.0218433337016,0.0218433337016,0.0218433337016,0.0218433337016,0.0318954488217,0.0318954488217,0.0318954488217,0.0318954488217,0.0430642332561,0.0430642332561,0.0430642332561,0.0430642332561,0.0430642332561,0.0568445443092,0.0568445443092,0.0568445443092,0.0568445443092,0.0717293556656,0.0717293556656,0.090460241851,0.113181493649,0.113181493649,0.136685694595,0.136685694595,0.170903432375,0.221194897025,0.278495652127,0.345936373836,0.345936373836,0.448080979304,0.582558365685,1.0,1.0
0.0,0.00878000433596,0.00878000433596,0.00878000433596,0.00878000433596,0.0161048251609,0.0161048251609,0.0161048251609,0.0161048251609,0.0161048251609,0.0161048251609,0.0161048251609,0.0253319037274,0.0253319037274,0.0253319037274,0.0253319037274,0.0253319037274,0.0253319037274,0.0253319037274,0.0253319037274,0.0253319037274,0.0253319037274,0.0253319037274,0.0372043557867,0.0372043557867,0.0372043557867,0.0372043557867,0.0372043557867,0.0372043557867,0.0372043557867,0.0372043557867,0.0372043557867,0.0495495078046,0.0495495078046,0.0495495078046,0.0495495078046,0.0658124915996,0.0865774480082,0.0865774480082,0.111976312177,0.140572396368,0.140572396368,0.175795583078,0.22084817009,0.271719994013,0.271719994013,0.346566633006,0.451804302815,0.592851027575,1.0,1.0
0.0,0.0085473276204,0.0085473276204,0.0085473276204,0.0085473276204,0.0152880083474,0.0152880083474,0.0152880083474,0.0152880083474,0.0152880083474,0.0152880083474,0.0152880083474,0.0152880083474,0.0152880083474,0.0152880083474,0.0152880083474,0.0152880083474,0.0223871449559,0.0223871449559,0.0223871449559,0.030049876832,0.030049876832,0.030049876832,0.030049876832,0.030049876832,0.030049876832,0.030049876832,0.030049876832,0.030049876832,0.0386053936629,0.0386053936629,0.0386053936629,0.0386053936629,0.0527548018574,0.0527548018574,0.0527548018574,0.0527548018574,0.0694783628475,0.0694783628475,0.0694783628475,0.0694783628475,0.0912946753053,0.0912946753053,0.117819913613,0.148158374167,0.183927096403,0.183927096403,0.229504264911,0.229504264911,0.229504264911,0.281244806952,0.342385240629,0.437229653969,0.584873636546,1.0,1.0
0.0,0.0103317551054,0.0103317551054,0.0103317551054,0.0103317551054,0.0103317551054,0.0103317551054,0.0103317551054,0.0103317551054,0.0103317551054,0.0103317551054,0.0103317551054,0.0103317551054,0.0103317551054,0.0165975397469,0.0165975397469,0.0165975397469,0.0165975397469,0.0165975397469,0.0165975397469,0.0165975397469,0.0251996561607,0.0251996561607,0.0251996561607,0.0251996561607,0.0251996561607,0.034330308568,0.034330308568,0.0451536906173,0.0628306531107,0.0628306531107,0.0841337293783,0.0841337293783,0.0841337293783,0.109728547285,0.109728547285,0.141318383324,0.141318383324,0.1780031676,0.224215014017,0.283002675646,0.360386602178,0.451706538573,0.593532432564,1.0,1.0
0.0,0.00810687283854,0.00810687283854,0.00810687283854,0.00810687283854,0.00810687283854,0.00810687283854,0.00810687283854,0.0132793785387,0.0132793785387,0.0132793785387,0.0132793785387,0.0132793785387,0.0132793785387,0.0132793785387,0.0132793785387,0.0196907382194,0.0196907382194,0.0196907382194,0.0196907382194,0.0196907382194,0.0291798503146,0.0410199425454,0.0410199425454,0.0410199425454,0.0410199425454,0.054222803592,0.054222803592,0.0717143617218,0.0904880773458,0.0904880773458,0.0904880773458,0.0904880773458,0.119421880218,0.119421880218,0.153368074734,0.19213174023,0.246901591769,0.246901591769,0.314026464589,0.41389681757,0.569974538322,1.0,1.0
0.0,0.00696995732308,0.00696995732308,0.00696995732308,0.00696995732308,0.00696995732308,0.00696995732308,0.00696995732308,0.00696995732308,0.00696995732308,0.00696995732308,0.00696995732308,0.0105303297922,0.0105303297922,0.0105303297922,0.0105303297922,0.0105303297922,0.0105303297922,0.0166207980003,0.0166207980003,0.0166207980003,0.0166207980003,0.0166207980003,0.0166207980003,0.0166207980003,0.0239837684404,0.0239837684404,0.0320086622589,0.0320086622589,0.0431420273426,0.0431420273426,0.0550600429265,0.0550600429265,0.0762843253726,0.0762843253726,0.103200343394,0.103200343394,0.103200343394,0.134633717802,0.134633717802,0.172612851372,0.226653856026,0.290917376932,0.385840964987,0.505778438583,1.0,1.0
0.0,0.00630652251391,0.0110847658718,0.0110847658718,0.0110847658718,0.0110847658718,0.0110847658718,0.0110847658718,0.0110847658718,0.0110847658718,0.0110847658718,0.0110847658718,0.0168071680394,0.0168071680394,0.0168071680394,0.0168071680394,0.0168071680394,0.0168071680394,0.0168071680394,0.0168071680394,0.0260622749482,0.0260622749482,0.0260622749482,0.0260622749482,0.0260622749482,0.0260622749482,0.0260622749482,0.0260622749482,0.0260622749482,0.0382407697263,0.0382407697263,0.0587838234917,0.0816963538901,0.107766476834,0.136874246391,0.136874246391,0.136874246391,0.171955385372,0.171955385372,0.214120070808,0.214120070808,0.265109070816,0.331716785151,0.42696743421,0.561914799694,1.0,1.0
0.0,0.00985639048596,0.00985639048596,0.00985639048596,0.00985639048596,0.00985639048596,0.00985639048596,0.00985639048596,0.00985639048596,0.00985639048596,0.0154399231391,0.0154399231391,0.0154399231391,0.0154399231391,0.0154399231391,0.0154399231391,0.0154399231391,0.0215785205486,0.0215785205486,0.0215785205486,0.0215785205486,0.0215785205486,0.0215785205486,0.0306871690607,0.0306871690607,0.0306871690607,0.0448331064495,0.0604681098172,0.0814197996391,0.0814197996391,0.0814197996391,0.0814197996391,0.106785789474,0.106785789474,0.135975022211,0.135975022211,0.171336606127,0.171336606127,0.213233696958,0.265968562623,0.330043198449,0.416172154119,0.585577440123,1.0,1.0
0.0,0.00733948530269,0.00733948530269,0.00733948530269,0.00733948530269,0.00733948530269,0.00733948530269,0.0128543329704,0.0128543329704,0.00733948530269,0.0128543329704,0.0128543329704,0.0128543329704,0.0128543329704,0.0128543329704,0.0128543329704,0.0128543329704,0.0128543329704,0.0128543329704,0.0128543329704,0.0128543329704,0.0128543329704,0.0206794943953,0.0206794943953,0.0206794943953,0.0206794943953,0.0206794943953,0.0299973361614,0.0299973361614,0.0299973361614,0.0299973361614,0.0299973361614,0.0418070527011,0.0418070527011,0.0418070527011,0.0556674958301,0.0556674958301,0.0556674958301,0.0759925299895,0.0759925299895,0.0975243249029,0.0975243249029,0.123281909705,0.123281909705,0.123281909705,0.153425601928,0.187322876612,0.234610921009,0.291679759604,0.291679759604,0.360240514191,0.452700140296,0.584736425372,1.0,1.0
0.0,0.0070715525456,0.0070715525456,0.0070715525456,0.0070715525456,0.0070715525456,0.0070715525456,0.0070715525456,0.0070715525456,0.012186634933,0.012186634933,0.012186634933,0.012186634933,0.012186634933,0.012186634933,0.012186634933,0.012186634933,0.0203118998296,0.0203118998296,0.0203118998296,0.0305661444723,0.0305661444723,0.0449410962569,0.0449410962569,0.0449410962569,0.0620238065318,0.0834551323212,0.0834551323212,0.0834551323212,0.0834551323212,0.112780814864,0.144279385926,0.144279385926,0.178389600888,0.178389600888,0.222998892908,0.284247545911,0.356857439806,0.467239026345,0.612867443753,1.0,1.0
0.0,0.00814326648772,0.00814326648772,0.00814326648772,0.00814326648772,0.0128322674109,0.0128322674109,0.00814326648772,0.00814326648772,0.0128322674109,0.0128322674109,0.0128322674109,0.0128322674109,0.0128322674109,0.0128322674109,0.0194424606396,0.0194424606396,0.0194424606396,0.0194424606396,0.0194424606396,0.0305218018709,0.0305218018709,0.0305218018709,0.0431385177895,0.0431385177895,0.0431385177895,0.0431385177895,0.0579646146326,0.0579646146326,0.0579646146326,0.0780124528698,0.102942855046,0.102942855046,0.102942855046,0.102942855046,0.130363021198,0.130363021198,0.130363021198,0.165164770045,0.202327050443,0.259978074258,0.259978074258,0.337560638952,0.428182805616,0.569507381639,1.0,1.0
0.0,0.00835582025301,0.00835582025301,0.00835582025301,0.00835582025301,0.00835582025301,0.00835582025301,0.00835582025301,0.00835582025301,0.00835582025301,0.00835582025301,0.0129058375949,0.0129058375949,0.0129058375949,0.0129058375949,0.0129058375949,0.0129058375949,0.017807632747,0.017807632747,0.017807632747,0.017807632747,0.017807632747,0.017807632747,0.017807632747,0.017807632747,0.0256116077481,0.0256116077481,0.0256116077481,0.0370416798317,0.0370416798317,0.0370416798317,0.050192977046,0.0675641570769,0.0891368662493,0.0891368662493,0.113511559224,0.113511559224,0.146853922698,0.191501533446,0.244705264338,0.244705264338,0.327684312527,0.431646947053,0.590993317009,1.0,1.0
0.0,0.00916102943502,0.00916102943502,0.00916102943502,0.00916102943502,0.00916102943502,0.00916102943502,0.00916102943502,0.00916102943502,0.00916102943502,0.00916102943502,0.00916102943502,0.00916102943502,0.00916102943502,0.0150401975212,0.0150401975212,0.0150401975212,0.0150401975212,0.0215188942635,0.0215188942635,0.0215188942635,0.0215188942635,0.0215188942635,0.0215188942635,0.0294768710464,0.0294768710464,0.0390527863126,0.0390527863126,0.0510683981064,0.0510683981064,0.0510683981064,0.0716715319938,0.0716715319938,0.0954730813492,0.0954730813492,0.0954730813492,0.122498056812,0.161428998313,0.207407641033,0.270274904155,0.343305141647,0.442936291005,0.579733001026,1.0,1.0
0.0,0.00792697973452,0.00792697973452,0.00792697973452,0.0128276228206,0.0128276228206,0.0128276228206,0.0128276228206,0.0128276228206,0.0128276228206,0.0128276228206,0.0128276228206,0.0128276228206,0.0128276228206,0.0128276228206,0.0195482167621,0.0195482167621,0.0195482167621,0.0195482167621,0.0195482167621,0.0195482167621,0.0289368571427,0.0289368571427,0.0289368571427,0.0412735921809,0.0412735921809,0.0412735921809,0.0579354416802,0.0579354416802,0.0795975440721,0.103510120957,0.103510120957,0.130527986436,0.130527986436,0.130527986436,0.165695774781,0.205888001709,0.253383140791,0.323279469211,0.421326091838,0.578316968922,1.0,1.0
0.0,0.0113360628509,0.0113360628509,0.0113360628509,0.0113360628509,0.0113360628509,0.0113360628509,0.0113360628509,0.0113360628509,0.016601840244,0.016601840244,0.016601840244,0.016601840244,0.016601840244,0.0113360628509,0.0113360628509,0.0113360628509,0.0113360628509,0.016601840244,0.016601840244,0.016601840244,0.016601840244,0.016601840244,0.016601840244,0.016601840244,0.0245673113806,0.0245673113806,0.0338764376028,0.0338764376028,0.0460340541119,0.0460340541119,0.0460340541119,0.0460340541119,0.0592216825388,0.0592216825388,0.0592216825388,0.0769472689491,0.101860380279,0.101860380279,0.131251925555,0.166901070759,0.214792715811,0.214792715811,0.282301404835,0.36702581385,0.468769500922,0.611685671736,1.0,1.0
0.0,0.0103190294878,0.0103190294878,0.0103190294878,0.0103190294878,0.0103190294878,0.0103190294878,0.0103190294878,0.0103190294878,0.0103190294878,0.0103190294878,0.0103190294878,0.0103190294878,0.0185025923406,0.0185025923406,0.0185025923406,0.0185025923406,0.0185025923406,0.0185025923406,0.0185025923406,0.0311894513427,0.0311894513427,0.0311894513427,0.0311894513427,0.0446946422682,0.0446946422682,0.0446946422682,0.0621496907615,0.0621496907615,0.0621496907615,0.0803014391472,0.0803014391472,0.101188360923,0.101188360923,0.128020713787,0.159816158597,0.196856611487,0.196856611487,0.241844026442,0.296176640204,0.296176640204,0.370846650328,0.470568020137,0.615887380178,1.0,1.0
0.0,0.00968267676995,0.00968267676995,0.00968267676995,0.00968267676995,0.00968267676995,0.00968267676995,0.00968267676995,0.00968267676995,0.00968267676995,0.0143131501539,0.0143131501539,0.0143131501539,0.0143131501539,0.0143131501539,0.0143131501539,0.0143131501539,0.0143131501539,0.0143131501539,0.0143131501539,0.0143131501539,0.0143131501539,0.0198991289546,0.0198991289546,0.0198991289546,0.0276095492829,0.0276095492829,0.0380055387098,0.0380055387098,0.0380055387098,0.0380055387098,0.0536632173574,0.0725877524465,0.0725877524465,0.0725877524465,0.0966293518134,0.127396684738,0.127396684738,0.127396684738,0.165504680812,0.20734051151,0.267612292871,0.267612292871,0.341975246397,0.431017021634,0.566281115731,1.0,1.0
0.0,0.00764898845348,0.00764898845348,0.00764898845348,0.0122657701292,0.0122657701292,0.0122657701292,0.0122657701292,0.0122657701292,0.0171367210604,0.0171367210604,0.0171367210604,0.0171367210604,0.0122657701292,0.0122657701292,0.0122657701292,0.0122657701292,0.0171367210604,0.0171367210604,0.0230562198222,0.0230562198222,0.0230562198222,0.0230562198222,0.0230562198222,0.0314999367684,0.0314999367684,0.0314999367684,0.0314999367684,0.0314999367684,0.0434020095787,0.0574487249153,0.0574487249153,0.0574487249153,0.0737443870218,0.0737443870218,0.0737443870218,0.0939157823541,0.0939157823541,0.0939157823541,0.120111671736,0.120111671736,0.120111671736,0.15815177171,0.200355939529,0.250360658531,0.315851563695,0.414860406372,0.552616378484,1.0,1.0
0.0,0.0101999234201,0.0101999234201,0.0101999234201,0.0164600758833,0.0164600758833,0.0164600758833,0.0164600758833,0.0164600758833,0.0164600758833,0.0164600758833,0.0164600758833,0.0164600758833,0.0164600758833,0.0164600758833,0.0164600758833,0.0164600758833,0.0164600758833,0.0164600758833,0.0164600758833,0.0236994895044,0.0236994895044,0.0236994895044,0.0236994895044,0.0236994895044,0.0236994895044,0.0236994895044,0.0236994895044,0.0325809154954,0.0325809154954,0.0325809154954,0.0325809154954,0.0325809154954,0.0325809154954,0.0431313358802,0.0431313358802,0.0431313358802,0.0577573484415,0.0577573484415,0.0751446982605,0.0990313733936,0.125614966744,0.125614966744,0.154229491053,0.189898942343,0.240624991186,0.240624991186,0.297061344579,0.36753092364,0.460001714802,0.600706903245,1.0,1.0
0.0,0.00946490130845,0.00946490130845,0.00946490130845,0.0153642051755,0.0153642051755,0.0153642051755,0.0153642051755,0.0153642051755,0.0153642051755,0.0153642051755,0.0153642051755,0.0153642051755,0.0153642051755,0.0153642051755,0.0153642051755,0.0153642051755,0.0153642051755,0.0153642051755,0.0153642051755,0.0153642051755,0.0222289031599,0.0222289031599,0.0222289031599,0.0222289031599,0.0325711115498,0.0325711115498,0.0325711115498,0.0325711115498,0.0325711115498,0.0454547562362,0.0454547562362,0.0609155294294,0.0609155294294,0.0785826419047,0.0785826419047,0.102511676919,0.102511676919,0.128179278644,0.154927112134,0.193816907402,0.193816907402,0.239146410776,0.304252449957,0.383287691401,0.536390086051,1.0,1.0
0.0,0.0118156126518,0.0118156126518,0.0118156126518,0.0118156126518,0.0118156126518,0.0118156126518,0.0118156126518,0.0118156126518,0.0118156126518,0.0118156126518,0.0118156126518,0.0118156126518,0.0187115419277,0.0187115419277,0.0187115419277,0.0187115419277,0.0187115419277,0.0187115419277,0.0187115419277,0.0288223963279,0.0288223963279,0.0288223963279,0.0288223963279,0.0288223963279,0.0409530927609,0.0409530927609,0.0409530927609,0.0409530927609,0.0409530927609,0.0409530927609,0.0409530927609,0.0409530927609,0.0569320551024,0.0569320551024,0.0758783116694,0.0758783116694,0.0758783116694,0.0989961518473,0.0989961518473,0.126650771278,0.126650771278,0.126650771278,0.160541469973,0.160541469973,0.200063587883,0.248734061082,0.301646211071,0.301646211071,0.380351819493,0.475642930625,0.614487398732,1.0,1.0
0.0,0.0103995108578,0.0103995108578,0.0103995108578,0.0103995108578,0.0103995108578,0.0103995108578,0.0103995108578,0.0103995108578,0.0103995108578,0.0103995108578,0.0177841169453,0.0103995108578,0.0103995108578,0.0103995108578,0.0177841169453,0.0177841169453,0.0177841169453,0.0177841169453,0.0177841169453,0.0269659064883,0.0269659064883,0.0269659064883,0.0269659064883,0.0401101706245,0.0401101706245,0.0551036530563,0.0551036530563,0.0551036530563,0.0742925236065,0.0742925236065,0.0742925236065,0.096284015221,0.096284015221,0.125054239273,0.125054239273,0.15990970714,0.199545339801,0.25966878014,0.33334783512,0.432589805029,0.575444212862,1.0,1.0
0.0,0.013333456744,0.013333456744,0.013333456744,0.013333456744,0.013333456744,0.013333456744,0.013333456744,0.013333456744,0.013333456744,0.013333456744,0.013333456744,0.013333456744,0.013333456744,0.013333456744,0.013333456744,0.013333456744,0.013333456744,0.013333456744,0.013333456744,0.013333456744,0.013333456744,0.013333456744,0.013333456744,0.013333456744,0.013333456744,0.013333456744,0.0220977155012,0.0220977155012,0.0220977155012,0.0220977155012,0.0220977155012,0.0313888858375,0.0313888858375,0.0313888858375,0.0313888858375,0.0313888858375,0.0434681760501,0.0434681760501,0.0586738357622,0.0586738357622,0.0586738357622,0.0586738357622,0.0771279607203,0.0771279607203,0.0980981683278,0.0980981683278,0.125237197392,0.125237197392,0.125237197392,0.157758019423,0.157758019423,0.197142314634,0.242137773074,0.308291912034,0.386285514745,0.386285514745,0.480381793183,0.620612390738,1.0,1.0
