1.0,0.971767748743,0.954432053728,0.931838097579,0.916440068738,0.898712178359,0.880891877866,0.858915008702,0.843288917216,0.826068792629,0.808642217856,0.783117426628,0.762867717197,0.737277786029,0.702567395343,0.682375787645,0.664222240327,0.644623426789,0.614937331929,0.596928207733,0.578604194876,0.555349833734,0.524150042625,0.512625731474,0.504401831283,0.479026198954,0.460122568169,0.427363973479,0.395595575751,0.365464056378,0.358240583546,0.326340255309,0.290747751643,0.25255880467,0.244463960695,0.200063831591,0.15,0,0
1.0,0.95822360294,0.948384717686,0.936389596786,0.90106396967,0.862104857799,0.854597507993,0.81637496092,0.806269091725,0.79497080756,0.780440505157,0.766082438357,0.732041561486,0.698756681435,0.660339306509,0.621171474975,0.606374901497,0.593753806709,0.579146953803,0.572240075253,0.534396609809,0.520403315394,0.51024795731,0.501383937475,0.483702438738,0.455819999499,0.42534601355,0.394830184984,0.388723884855,0.346840290213,0.312802702164,0.275803216761,0.269591145189,0.219218208947,0.173971504504,0.16259808165,0.1,0,0
1.0,0.95822360294,0.94722267551,0.934281328901,0.92003084493,0.892598644459,0.88169703822,0.865225541293,0.831256104079,0.794737144854,0.759424050379,0.720385825291,0.711206950291,0.672161680981,0.667543305181,0.655840495265,0.616875474768,0.577863959728,0.568977799909,0.531387088705,0.518773658959,0.505560544574,0.465940513466,0.428334560903,0.41904356943,0.405811434701,0.399479163045,0.386096923996,0.353633660442,0.318590613628,0.274461155175,0.267456635419,0.227277862517,0.18408697946,0.173971504504,0.114761241549,0.1,0,0
1.0,0.95822360294,0.916953357272,0.875793813028,0.868711744609,0.859829327741,0.820316039044,0.780563712533,0.774501879662,0.735182522326,0.72539816079,0.689337619431,0.649145368513,0.640601206074,0.630987023909,0.626647325594,0.586570806564,0.579564058686,0.573256428757,0.533848482465,0.49632284416,0.457023529129,0.445925675982,0.439521615895,0.40526897824,0.362042753626,0.350521909687,0.306691275752,0.281653897767,0.264878630189,0.251201473818,0.243284622777,0.191418598875,0.18408697946,0.173971504504,0.16259808165,0.1,0,0
1.0,0.971767748743,0.946689111694,0.932385104687,0.914646737973,0.891291776805,0.853652344637,0.816017171327,0.777161103954,0.768895047325,0.760122724124,0.750724009822,0.712583727912,0.700753218533,0.666934621196,0.654503084897,0.622319987626,0.611269013851,0.58106222466,0.541440007172,0.530855979244,0.491220245232,0.48277548029,0.47254567956,0.432508236096,0.428462216962,0.41369662348,0.371389403714,0.33686743009,0.302702765811,0.262556769367,0.230971139985,0.202349321901,0.18408697946,0.173971504504,0.114761241549,0.1,0,0
1.0,0.95822360294,0.917155658001,0.87582820094,0.86917512208,0.828973554856,0.823119970415,0.782969549537,0.776954148096,0.736621770737,0.728965513919,0.718672921481,0.711514219336,0.700884175827,0.663319791926,0.626709498707,0.617198558817,0.614264092676,0.600282392342,0.560590931822,0.526400985156,0.485489666052,0.445709153666,0.441066508186,0.401661525703,0.36063099159,0.356141819563,0.314894046328,0.309079135228,0.298203106988,0.261263544446,0.25436780016,0.215755558937,0.18408697946,0.173971504504,0.114761241549,0.1,0,0
1.0,0.95822360294,0.91719362453,0.908341852141,0.899711800796,0.862900047015,0.824345785137,0.814148563985,0.774702406379,0.765993726574,0.751834643973,0.713293445001,0.703634881083,0.688992749143,0.652027073005,0.613983482624,0.604858888626,0.594611834452,0.587282283503,0.579614803752,0.540624678658,0.50382443205,0.465469709623,0.454933900315,0.42277412618,0.415757194892,0.408911698131,0.403044470434,0.36234873079,0.330128446766,0.282690231619,0.245240595737,0.208942945411,0.202349321901,0.12810837715,0.114761241549,0.1,0,0
1.0,0.971767748743,0.945633003792,0.908341852141,0.868377267541,0.827895210967,0.787913934061,0.782889249405,0.775223214828,0.765084399941,0.725509186706,0.717635374835,0.709830093757,0.671947770284,0.665503564302,0.654734759681,0.642464151317,0.611493439486,0.571003690403,0.531153044379,0.491197149383,0.45364965406,0.410786888583,0.374369093026,0.343697864944,0.338102573359,0.294736758006,0.286446675359,0.278374515217,0.244940293286,0.238181556413,0.230971139985,0.215755558937,0.18408697946,0.173971504504,0.16259808165,0.15,0,0
1.0,0.971767748743,0.946689111694,0.931732434202,0.898891948281,0.861120219186,0.849230046675,0.837751158256,0.801916191487,0.787724444413,0.752847470228,0.715030283358,0.705253866641,0.693526688706,0.658619237319,0.654349309383,0.64464256372,0.630254772711,0.600208649454,0.571246681187,0.55460440283,0.516475455096,0.479612444349,0.437410791189,0.423392739292,0.387412858729,0.382063760649,0.370960536961,0.337449335179,0.30384420931,0.297407347386,0.26251942023,0.246002982718,0.238276564298,0.196934102793,0.182389075622,0.15,0,0
1.0,0.971767748743,0.954803885294,0.934401165194,0.914201202144,0.898366801283,0.879066642563,0.858576027896,0.836885958407,0.815322874901,0.788823313181,0.769951088761,0.751477565922,0.731280640849,0.704277500877,0.681311620311,0.65479268475,0.638402424606,0.621497742518,0.593169288882,0.563319814091,0.53355515328,0.521947483994,0.490313147621,0.458870984499,0.455359601077,0.4142147868,0.409722914095,0.393678051998,0.384993166183,0.341860688278,0.306625135931,0.269591145189,0.26216864356,0.219994457719,0.16259808165,0.15,0,0
1.0,0.95822360294,0.91719362453,0.87605653884,0.869247422803,0.828425802989,0.788001481968,0.748586846264,0.74353443769,0.703524920633,0.697727447991,0.657118089179,0.616191263793,0.60980709587,0.602342400359,0.597236549535,0.587443343124,0.577787495528,0.537833776184,0.525862155523,0.516313504627,0.508918844533,0.470314292927,0.436954434292,0.394579535897,0.391626599261,0.378306612183,0.37256174754,0.368341336687,0.330459496792,0.294487103089,0.263018596888,0.247328155594,0.238276564298,0.192924544655,0.114761241549,0.1,0,0
1.0,0.971767748743,0.946689111694,0.933965100398,0.899961358515,0.886868521401,0.852996972963,0.841803318456,0.804170374146,0.765925939435,0.75864263869,0.748708293609,0.712243304794,0.672522109238,0.660793534427,0.648035699347,0.638258567041,0.625614121883,0.590026742814,0.575072323192,0.537788193829,0.530399915265,0.492648513665,0.458933375191,0.445143672471,0.412335612834,0.37974455417,0.338670289085,0.325689661561,0.289291639217,0.282690231619,0.235704721055,0.208942945411,0.200264209141,0.173971504504,0.114761241549,0.1,0,0
1.0,0.971767748743,0.953894228614,0.933415943954,0.917724501696,0.909988713926,0.89270918857,0.864999631077,0.846228346519,0.823568580462,0.796156215395,0.771570855922,0.736443480755,0.699726199735,0.660810345439,0.625624358293,0.615631047809,0.604421758901,0.589026386768,0.557407182049,0.540172578331,0.502968635435,0.471207357675,0.45939331069,0.425925298551,0.384442975575,0.378814144014,0.373649511138,0.335479344011,0.325211281985,0.314039939715,0.307898370136,0.269601957718,0.229000780678,0.209839270249,0.16259808165,0.1,0,0
1.0,0.971767748743,0.953894228614,0.932552776942,0.917331414638,0.887177827493,0.850633737192,0.813205091386,0.775965918722,0.735736181161,0.726027407302,0.690523986448,0.649427893369,0.642878953798,0.636929817254,0.597003298107,0.585813784667,0.577225438191,0.536931760772,0.527114514197,0.494798485374,0.476966866961,0.442165413663,0.429794140375,0.419469398551,0.386190299875,0.380968748758,0.338288192906,0.297787727431,0.261694522805,0.252925864138,0.247164316263,0.227277862517,0.219218208947,0.173971504504,0.16259808165,0.1,0,0
1.0,0.971767748743,0.953978938736,0.933382182913,0.918235354702,0.886352259791,0.853768793976,0.841307488469,0.804864544424,0.791412687699,0.754265735204,0.744034612026,0.729373522615,0.695188399343,0.665277557148,0.62627439838,0.586511412921,0.551730959018,0.543052253192,0.531060007833,0.522456102473,0.489601972362,0.449699316445,0.440973439979,0.428617550428,0.422292272231,0.412143912323,0.378562987762,0.34481675038,0.33473817661,0.291980884838,0.275803216761,0.238006742398,0.18408697946,0.12810837715,0.114761241549,0.1,0,0
1.0,0.971767748743,0.953811238732,0.938056646581,0.922137332513,0.889419904667,0.874613626464,0.843922022497,0.80673329737,0.799545167933,0.787824018121,0.772920860555,0.736984840178,0.732439721173,0.714640863565,0.680164936218,0.642458428249,0.603039054752,0.567031553651,0.53108833933,0.52668639539,0.486493916551,0.480620571792,0.440788923878,0.437123965811,0.42852422128,0.391940458217,0.348546349714,0.310795929285,0.275808824163,0.269918121338,0.253091318486,0.246002982718,0.229000780678,0.192924544655,0.16259808165,0.1,0,0
1.0,0.971767748743,0.954432053728,0.938056646581,0.919496216164,0.887502196792,0.851205021776,0.838477471423,0.80429241938,0.793055434424,0.778382918823,0.748899095342,0.732459979924,0.720758328451,0.684949280848,0.670769837893,0.657586263185,0.64238600941,0.625792710648,0.600431669624,0.583538243246,0.556052748488,0.52891174407,0.498881538866,0.460837166929,0.456971654327,0.442906980801,0.411270807258,0.403101516838,0.364257250831,0.327497371928,0.312364996358,0.269591145189,0.229000780678,0.173971504504,0.114761241549,0.1,0,0
1.0,0.95822360294,0.917006220142,0.87587324162,0.835094041648,0.793519771759,0.75320915254,0.712962430504,0.672076207579,0.667005131145,0.661628427284,0.655087573709,0.64725182887,0.607641096976,0.6002000132,0.560924897838,0.52182847299,0.481733980201,0.472522431107,0.466782053044,0.45801262486,0.447009446318,0.439565809951,0.427892876903,0.39483292068,0.35801053495,0.349278058988,0.31810768761,0.274093891481,0.264035930384,0.253105123875,0.243284622777,0.238006742398,0.229000780678,0.219994457719,0.200063831591,0.15,0,0
1.0,0.95822360294,0.916953357272,0.909260284191,0.89763588054,0.88662968234,0.870257690029,0.836024921535,0.799454446204,0.761537775379,0.728013966421,0.687775889719,0.647225387321,0.639256024663,0.631816489307,0.591620979242,0.581620466101,0.547193455317,0.506487469925,0.497753261963,0.463000220616,0.422354459733,0.41865132584,0.405769934392,0.367456689323,0.325270030992,0.291490529624,0.278178943769,0.271207126072,0.239057708464,0.233440432861,0.217369030755,0.193386326735,0.18408697946,0.12810837715,0.114761241549,0.1,0,0
1.0,0.95822360294,0.947101601041,0.90953284947,0.869930350448,0.862455283572,0.849909176091,0.812147231218,0.802192140487,0.794446889406,0.756659416183,0.717830579867,0.677824739592,0.668789929746,0.656568345079,0.645368860026,0.633410541183,0.616172945294,0.582294482127,0.55154548976,0.516065462426,0.48417089861,0.443463671974,0.404536035972,0.393012382012,0.3557764794,0.347810910693,0.315710777263,0.306207607952,0.301198540406,0.258677609128,0.217369030755,0.193386326735,0.18408697946,0.173971504504,0.16259808165,0.15,0,0
1.0,0.971767748743,0.946609696012,0.90918345323,0.900953858912,0.862955096585,0.849959027532,0.812901694787,0.804067434392,0.766161264951,0.726970349909,0.687514241877,0.647364233645,0.639100775829,0.629828606685,0.591039994956,0.581311016533,0.576215301405,0.542405720875,0.530730972294,0.498730595239,0.458027817448,0.448324370105,0.439266241725,0.426399370214,0.415644598153,0.411741654346,0.397141201604,0.355435085284,0.319793922164,0.282839186374,0.245387584399,0.202349321901,0.202349321901,0.173971504504,0.114761241549,0.1,0,0
1.0,0.971767748743,0.947331721536,0.909564973013,0.869924766629,0.829393548911,0.788983146003,0.782890847892,0.774396771107,0.734063130097,0.693582870369,0.68505633178,0.646537812733,0.644577085137,0.603975873723,0.595406288095,0.586188393835,0.545321915269,0.506054601301,0.499667130671,0.460936704492,0.458069053372,0.453891986727,0.441354055242,0.431629847214,0.419997606993,0.410844797138,0.397141201604,0.380008012943,0.346840290213,0.304154748927,0.297963057704,0.259989309345,0.219218208947,0.209839270249,0.16259808165,0.1,0,0
1.0,0.971767748743,0.947010783176,0.932364733325,0.898408818363,0.860736091449,0.821027977699,0.814389188951,0.805057940996,0.793978742726,0.75673800998,0.745957941244,0.710560716023,0.697473574459,0.685647396076,0.647477637672,0.636634894486,0.601958403129,0.589668854101,0.552604047504,0.517373787818,0.514367969665,0.505362135249,0.469578806003,0.430760729068,0.419831844921,0.413700051767,0.401306606668,0.368303805113,0.335974653658,0.297322174135,0.2854162191,0.246002982718,0.202349321901,0.192924544655,0.182389075622,0.15,0,0
1.0,0.971767748743,0.953894228614,0.933060339918,0.916553236814,0.886466666767,0.875885937579,0.860793266315,0.828665445232,0.813417750629,0.781215392713,0.744123778639,0.705146573831,0.692065335872,0.686347891543,0.652826497328,0.636560973272,0.603785721295,0.565365999568,0.559045336724,0.545347449938,0.515509454474,0.505605575262,0.494961493947,0.457379516149,0.417998774456,0.41369662348,0.371389403714,0.332768236182,0.291510893494,0.289046331649,0.245387584399,0.238006742398,0.18408697946,0.12810837715,0.114761241549,0.1,0,0
1.0,0.971767748743,0.946689111694,0.908851032173,0.899331692672,0.860776910818,0.850857587365,0.837028050626,0.802927560315,0.765122409433,0.726831279688,0.687674545797,0.647952500749,0.607907657342,0.599354010676,0.558996171343,0.517316669895,0.508646814797,0.4692738182,0.463027063439,0.422517608747,0.38561878632,0.37989832643,0.370026419314,0.328508295421,0.29506233574,0.287229799129,0.27239926344,0.263695942975,0.256474224358,0.251201473818,0.243284622777,0.238006742398,0.229000780678,0.192924544655,0.16259808165,0.1,0,0
1.0,0.971767748743,0.953894228614,0.936249750056,0.913968213946,0.897052620944,0.871142030933,0.855745473934,0.832720492359,0.811946593812,0.786259063028,0.757839933049,0.730398575082,0.693405240205,0.663574323663,0.624721449026,0.61173700463,0.599903424905,0.58589835171,0.571978313356,0.561257295266,0.55543527914,0.525326079746,0.486599765378,0.449542284323,0.438160325162,0.407289489288,0.392886188523,0.352083629616,0.345264735916,0.312760502571,0.306625135931,0.300990376197,0.25255880467,0.244463960695,0.200063831591,0.15,0,0
1.0,0.95822360294,0.946609696012,0.90918345323,0.899003291848,0.886314996262,0.850527877161,0.811489728884,0.801235294455,0.765627236941,0.725834122269,0.685762120519,0.646634041097,0.639676459885,0.601428378259,0.591949190691,0.584031383192,0.547755756793,0.507215124534,0.498566434262,0.493121592935,0.480891422657,0.472145105212,0.466329434651,0.431402455671,0.401019392235,0.387681807542,0.349551343575,0.309532111022,0.261694522805,0.252925864138,0.225442293809,0.191418598875,0.18408697946,0.12810837715,0.114761241549,0.1,0,0
1.0,0.95822360294,0.916979288532,0.875868353405,0.86966450126,0.861072930749,0.849515339087,0.816319783779,0.776901038644,0.767528408254,0.728879556209,0.71898807061,0.68063809483,0.677218493359,0.665866080945,0.627083024773,0.615463885319,0.602312037867,0.594911158005,0.583038142575,0.546602492739,0.534839062965,0.501445965159,0.463630024817,0.423835337093,0.418002139126,0.413222429173,0.399701903514,0.388723884855,0.373652489342,0.341860688278,0.306625135931,0.269591145189,0.219218208947,0.209839270249,0.16259808165,0.1,0,0
1.0,0.95822360294,0.917139847961,0.875907205885,0.869104530734,0.828725793376,0.823758290962,0.816265819567,0.776877791835,0.766235739442,0.726810842936,0.687053343187,0.68122931182,0.672845751573,0.635522293688,0.620641888943,0.584551891845,0.575547289878,0.54144042172,0.501400822157,0.492207135333,0.482509573129,0.473295378931,0.467173445945,0.463827501471,0.448577515201,0.446979882335,0.407012498464,0.364584885355,0.330742194298,0.294595483781,0.282810068864,0.272920931405,0.237769847021,0.217758740478,0.182389075622,0.15,0,0
1.0,0.971767748743,0.946609696012,0.908831530055,0.870162278288,0.82894993887,0.787775957961,0.780622806084,0.772381002817,0.734605462397,0.726978430543,0.717886543343,0.704897702182,0.67139946941,0.63172409736,0.622198746393,0.586171833433,0.570936023189,0.563133415224,0.529706969079,0.516930559114,0.477480321614,0.471266267667,0.433006767615,0.423808308268,0.412402195139,0.398922715857,0.366755816161,0.35141432171,0.344584413752,0.341860688278,0.335890218746,0.319923446968,0.28449120571,0.244463960695,0.200063831591,0.15,0,0
1.0,0.95822360294,0.946708208795,0.910165584317,0.86983865296,0.830255490142,0.823217996103,0.782792626884,0.742539892763,0.735998719363,0.727546107782,0.717449850281,0.706345160359,0.696898820123,0.658412056036,0.654202741104,0.61551412396,0.576601573356,0.566323770825,0.559066363456,0.546257146106,0.511746221623,0.474427525776,0.470372193254,0.454047266659,0.423336837243,0.381689998835,0.337979016853,0.324890654846,0.319793922164,0.282849306666,0.27581362284,0.269601957718,0.226761491008,0.192924544655,0.182389075622,0.15,0,0
1.0,0.95822360294,0.946689111694,0.909259419055,0.89768609388,0.887965541426,0.871713601681,0.855088016968,0.827092971727,0.813851061591,0.781709857536,0.744727613399,0.731960472749,0.695674196515,0.657842157719,0.650979644727,0.637268399433,0.599696230275,0.593179162621,0.555413887764,0.546227411381,0.531648350474,0.526818096011,0.489602004022,0.474994996134,0.436785281716,0.399479163045,0.366925321678,0.324743021346,0.318590613628,0.282839186374,0.275803216761,0.259989309345,0.219218208947,0.209839270249,0.200063831591,0.15,0,0
1.0,0.971767748743,0.945633003792,0.933575268954,0.916924268377,0.886926339449,0.872835453175,0.856300677159,0.835501091187,0.805801686264,0.787931192114,0.761450562368,0.741080170527,0.728782612987,0.697403729932,0.685457221766,0.675027771228,0.655894755005,0.634314566054,0.612755120906,0.590257479516,0.566309739879,0.542470934361,0.515396940869,0.500571282816,0.461673534613,0.433749213646,0.416887855503,0.386209183778,0.355262467963,0.312760502571,0.279301139668,0.269591145189,0.219218208947,0.209839270249,0.200063831591,0.15,0,0
1.0,0.971767748743,0.945633003792,0.908831963746,0.898928945935,0.861477731368,0.851272526753,0.816550366124,0.806306161422,0.766936536194,0.727392186,0.7156390353,0.703336770455,0.664883589161,0.626753801398,0.590688285218,0.583875639957,0.573912237903,0.534670303756,0.530070411316,0.488317046254,0.447558292299,0.40872715364,0.39822770398,0.393398044666,0.384666414592,0.371708975161,0.337693303871,0.295325067452,0.289273501637,0.254490578095,0.247164316263,0.191418598875,0.18408697946,0.173971504504,0.16259808165,0.1,0,0
1.0,0.95822360294,0.917155658001,0.909194254889,0.869937772358,0.828500393501,0.78774047911,0.78102423186,0.77594870189,0.767340708559,0.754109839343,0.715411380249,0.677373580667,0.666810532688,0.627461292975,0.617336747576,0.611999600718,0.601931858447,0.586861798559,0.54923667995,0.54145360541,0.504702280631,0.465572059006,0.429739672629,0.392144283919,0.357979532497,0.347151984759,0.307342330341,0.271958055365,0.264878630189,0.224955403171,0.200695164372,0.191418598875,0.18408697946,0.12810837715,0.114761241549,0.1,0,0
1.0,0.95822360294,0.945633003792,0.935112307339,0.898970104969,0.885493164426,0.871408159377,0.853700064117,0.833123690438,0.811183895274,0.784507801619,0.751962939013,0.717795248465,0.707096328966,0.6725095947,0.642120022479,0.637040656716,0.623823504876,0.588567004081,0.550865984746,0.537419631147,0.503612013686,0.468554720727,0.426340228147,0.417193802685,0.409495486995,0.375422166384,0.341555045226,0.330713704067,0.31642795841,0.30203682214,0.26537034566,0.259989309345,0.219218208947,0.173971504504,0.16259808165,0.1,0,0
1.0,0.95822360294,0.917058079073,0.909719554591,0.868802157546,0.860167532839,0.850693002912,0.841014919309,0.805015914826,0.791882884932,0.755214620707,0.739700998283,0.708165092069,0.69492266198,0.679237088132,0.667981584552,0.663542748419,0.651198537954,0.636380936215,0.61576877244,0.598445830973,0.581391493349,0.564743249858,0.544710938621,0.516786135457,0.496886123378,0.471309362218,0.445754982296,0.416845850184,0.387415338899,0.354238654132,0.307898370136,0.269601957718,0.226761491008,0.209839270249,0.200063831591,0.15,0,0
1.0,0.971767748743,0.946609696012,0.933176065949,0.915628832749,0.898167493891,0.883974757406,0.857800245446,0.829225069781,0.816027162712,0.781707897935,0.770124782236,0.750739371131,0.720057373074,0.683626893174,0.666134048799,0.636080923572,0.629498693501,0.595085219449,0.560762911852,0.521773131321,0.514367969665,0.505362135249,0.492515916572,0.460837166929,0.444440413129,0.435126189261,0.399566022746,0.366421145422,0.352027998854,0.312802702164,0.267456635419,0.227277862517,0.219218208947,0.173971504504,0.16259808165,0.1,0,0
1.0,0.971767748743,0.945633003792,0.908469856965,0.869070704819,0.860925263972,0.823820012985,0.78346802497,0.775841109733,0.736251712765,0.727443029612,0.717955706017,0.680065258015,0.672914860747,0.659398516207,0.620617304515,0.608145387565,0.569824415515,0.563559655353,0.555046706801,0.517106432228,0.478030223151,0.440918630552,0.434222607217,0.425181266185,0.419714741592,0.38488561284,0.342983222999,0.331989165461,0.318590613628,0.312802702164,0.275803216761,0.238006742398,0.202349321901,0.173971504504,0.16259808165,0.1,0,0
1.0,0.95822360294,0.917149759738,0.908993215828,0.869041918798,0.829085402126,0.789932849962,0.748970814136,0.70845369598,0.702719193837,0.662760699389,0.657635030223,0.649997886014,0.608640500326,0.569527705933,0.560582652236,0.553134649103,0.512524805851,0.502190215427,0.49354066475,0.453951260572,0.412931783054,0.376711120985,0.369876763682,0.364842948343,0.33182463104,0.321118442806,0.312195246242,0.282702141016,0.260806367253,0.254490578095,0.245387584399,0.227277862517,0.219218208947,0.209839270249,0.200063831591,0.15,0,0
1.0,0.95822360294,0.917058079073,0.876112783611,0.835365156068,0.794178059765,0.788733114687,0.748312905618,0.707290020951,0.701149785027,0.695815590361,0.656467731447,0.615265267552,0.574412653873,0.535050861259,0.528406296028,0.488954861697,0.484286706373,0.443693808308,0.437170118101,0.427789926372,0.420190511543,0.410710098467,0.371765124992,0.360113707419,0.319488554591,0.308051272872,0.273674404301,0.251423332302,0.215581406083,0.208449111088,0.201625632745,0.193386326735,0.18408697946,0.173971504504,0.114761241549,0.1,0,0
1.0,0.971767748743,0.954238299306,0.933021740454,0.898638265582,0.886011636245,0.87034510927,0.854342809473,0.833103241626,0.809173047149,0.794241603237,0.7675671976,0.731712720198,0.697175594901,0.660163176833,0.649144667179,0.614110351498,0.578830043594,0.569506010178,0.529263755785,0.490460240938,0.485203524768,0.473468748873,0.46214405999,0.425172457059,0.416397053953,0.384189422209,0.345220940155,0.313223216204,0.28219576516,0.259680949023,0.245387584399,0.238006742398,0.229000780678,0.219994457719,0.182389075622,0.15,0,0
1.0,0.95822360294,0.916979288532,0.908794865903,0.870399622979,0.829569966848,0.789519814502,0.78372563934,0.776605220486,0.766432886529,0.754166488999,0.744110712926,0.70758439051,0.696154311473,0.681860455485,0.645554357707,0.606378781289,0.592865978832,0.554231847578,0.522134664679,0.516702677136,0.506174251425,0.467215871683,0.432475911076,0.423024296818,0.386943912911,0.346893497722,0.341291979857,0.335437351775,0.295824088481,0.243823578267,0.217369030755,0.208942945411,0.202349321901,0.12810837715,0.114761241549,0.1,0,0
1.0,0.95822360294,0.948384717686,0.910112544507,0.898758852558,0.888061641,0.85191348645,0.813950781773,0.775481459936,0.764828485082,0.753833027719,0.715495142486,0.703912396325,0.670684166971,0.660649553351,0.648069078808,0.614428922808,0.601667156001,0.587526112204,0.55072030956,0.54113907338,0.53861665803,0.500235147672,0.461816680297,0.425925298551,0.384442975575,0.377366529271,0.342202584,0.332064475274,0.329235166313,0.289046331649,0.275803216761,0.269591145189,0.25255880467,0.209839270249,0.16259808165,0.1,0,0
1.0,0.95822360294,0.947331721536,0.909529529818,0.869220592387,0.860498200232,0.849782135286,0.835407225445,0.799811003172,0.785484101978,0.751071218291,0.713229736922,0.699939667306,0.68999536127,0.652402836547,0.61404832257,0.581314177378,0.54056848966,0.532150802596,0.525950984029,0.493841894849,0.490554309794,0.448708967152,0.435675230461,0.425841422662,0.420565380393,0.383226588782,0.37160203196,0.364584885355,0.354763209282,0.349532562556,0.30638853936,0.269672463096,0.26216864356,0.219994457719,0.182389075622,0.15,0,0
1.0,0.95822360294,0.917139847961,0.876011582904,0.834880537939,0.793636667451,0.752395071358,0.711300207974,0.70707275879,0.700995114853,0.695559972379,0.687890090586,0.648342412314,0.642528451632,0.635593293696,0.594287232774,0.554325026156,0.514547767314,0.505653352532,0.499103902394,0.459090988486,0.419898243563,0.415414272486,0.404609928351,0.400162723783,0.396607617505,0.356141819563,0.350607746561,0.3132290357,0.272557146799,0.26155472198,0.247164316263,0.238006742398,0.202349321901,0.173971504504,0.114761241549,0.1,0,0
1.0,0.971767748743,0.94722267551,0.910689738485,0.87039491936,0.861994845592,0.822769998246,0.811020877787,0.774461238098,0.766395615564,0.755210562999,0.716661205923,0.705385458254,0.698950767077,0.686797474061,0.650659447355,0.612168504381,0.603762801887,0.593181359333,0.576614302109,0.545823095412,0.530349117629,0.515432316195,0.483170709632,0.444121397563,0.407018272353,0.400234868988,0.394830184984,0.388723884855,0.352027998854,0.341860688278,0.326340255309,0.290747751643,0.25255880467,0.244463960695,0.200063831591,0.15,0,0
1.0,0.971767748743,0.948384717686,0.935491011222,0.918639233992,0.886905556303,0.85007105657,0.813905656035,0.774227882271,0.733762471579,0.725562404089,0.721217060973,0.682513306802,0.673238739055,0.663270721009,0.655954348794,0.641792678799,0.611015814189,0.571083088296,0.535181580314,0.528353576644,0.488870296844,0.455072861575,0.413162370685,0.401428661276,0.397429633012,0.355956273229,0.31810768761,0.310795929285,0.302631721124,0.289046331649,0.253091318486,0.238006742398,0.202349321901,0.173971504504,0.114761241549,0.1,0,0
1.0,0.971767748743,0.953811238732,0.93518491057,0.917627796227,0.888158900174,0.875107174701,0.842489607198,0.805867243408,0.767698456129,0.757694971966,0.719596231247,0.705614797791,0.69123886502,0.653373007955,0.63875649545,0.627288027362,0.590645682707,0.553138419534,0.546071763178,0.535645292731,0.498537716386,0.458955201807,0.421721101988,0.3875247272,0.374740431923,0.366039603513,0.331034114891,0.292526951179,0.287372260966,0.248319749085,0.240323850128,0.234925629092,0.226761491008,0.192924544655,0.182389075622,0.1,0,0
1.0,0.971767748743,0.953894228614,0.932196189084,0.899983909463,0.861778584307,0.823329404377,0.783886994804,0.743722838434,0.701704383396,0.661213737645,0.654568729844,0.648148101036,0.639485965692,0.628999106035,0.621077806867,0.582133757145,0.544500506448,0.535639615491,0.530504218416,0.517848998049,0.479068074842,0.446092342069,0.438892367258,0.398090259447,0.386576878617,0.381689998835,0.340397762976,0.307032454426,0.297447990087,0.282839186374,0.275803216761,0.238006742398,0.229000780678,0.173971504504,0.16259808165,0.15,0,0
1.0,0.95822360294,0.917155658001,0.875830903814,0.835010914099,0.793337703045,0.78807564162,0.747776239339,0.742937206461,0.735641818078,0.696067977318,0.687085222403,0.646557274079,0.63944510622,0.628691497886,0.617564822741,0.607630902266,0.575453313483,0.535559737644,0.500693272704,0.460538298107,0.456956078305,0.42063285932,0.379299919067,0.33718473318,0.330269456775,0.292057192087,0.281162625644,0.239108546247,0.232923665181,0.224955403171,0.200695164372,0.193386326735,0.139854466099,0.12810837715,0.114761241549,0.1,0,0
1.0,0.95822360294,0.947101601041,0.933028441295,0.915820025306,0.887007326159,0.851571243213,0.818512819997,0.809480507821,0.798728832023,0.760393739134,0.721736387313,0.71004431021,0.670284681691,0.666009612527,0.625957272791,0.616085460204,0.600106001881,0.587949416783,0.580465867725,0.562742693985,0.546018483418,0.519421361155,0.500865632936,0.465410781612,0.453947558944,0.42395946378,0.3941561634,0.362084394272,0.357551877403,0.325050458402,0.314103747424,0.279862296662,0.246939832111,0.219994457719,0.182389075622,0.15,0,0
1.0,0.95822360294,0.917149759738,0.909037991739,0.869753359345,0.861634278404,0.850146567467,0.83935022435,0.805741875045,0.765728401225,0.755911112571,0.717548094126,0.679702221174,0.669221989694,0.659641953507,0.654309310478,0.619404562378,0.607523357824,0.593537491948,0.582787487002,0.544019961147,0.513773072431,0.480987179459,0.468695139657,0.42965486136,0.425218670862,0.382729768945,0.337979016853,0.30088068481,0.264878630189,0.259680949023,0.223939064906,0.193386326735,0.18408697946,0.173971504504,0.114761241549,0.1,0,0
1.0,0.971767748743,0.946708208795,0.909260284191,0.900171884455,0.861095621543,0.823338265475,0.815305314862,0.77572682406,0.766061067869,0.726648942763,0.719435568414,0.681002374279,0.641104194561,0.630382670304,0.619363316842,0.58037765011,0.568863211413,0.558161858736,0.522498975144,0.482957610308,0.444875167115,0.405336425934,0.396663102203,0.38529651265,0.378775744549,0.372606138741,0.359019369269,0.353633660442,0.318590613628,0.282839186374,0.23561991417,0.227277862517,0.18408697946,0.173971504504,0.16259808165,0.15,0,0
1.0,0.95822360294,0.946708208795,0.932769969314,0.91822067599,0.887800390811,0.873244498174,0.839312734845,0.804092811881,0.765602949071,0.753178879427,0.740998718042,0.702681446237,0.666249497067,0.627141478723,0.620260613515,0.61045974918,0.574111263522,0.566017960113,0.52695696161,0.515002418816,0.503915458973,0.467225231555,0.463168440469,0.458870984499,0.444756254979,0.435976640784,0.400551402787,0.367704228985,0.334939228158,0.318379932093,0.275803216761,0.227277862517,0.219218208947,0.173971504504,0.114761241549,0.1,0,0
1.0,0.95822360294,0.946689111694,0.909822345643,0.869239609978,0.828665743782,0.787785624261,0.746524237847,0.741669515199,0.700859618877,0.69426528287,0.686021995135,0.677844649357,0.668131598901,0.629811404368,0.620057208133,0.582061647651,0.577998472444,0.543727454699,0.504094660298,0.464592892358,0.428290387639,0.420116555694,0.415019825557,0.403887366565,0.364711975186,0.361002871836,0.352122897555,0.308358576234,0.297818767868,0.26155472198,0.253091318486,0.202349321901,0.202349321901,0.192924544655,0.114761241549,0.1,0,0
1.0,0.95822360294,0.917006220142,0.908863865895,0.899573584457,0.862156804296,0.824605536514,0.784441388428,0.774195677773,0.763599596696,0.753162570197,0.742703325791,0.727532251423,0.714147020286,0.678478685183,0.64270639876,0.606559594522,0.568797955958,0.557330371937,0.54447394339,0.506649762848,0.473257244455,0.467491698292,0.462179284441,0.456402664939,0.442242004421,0.408929961442,0.367464855047,0.353633660442,0.318590613628,0.312802702164,0.275803216761,0.269591145189,0.219218208947,0.173971504504,0.114761241549,0.1,0,0
1.0,0.971767748743,0.945633003792,0.933480647329,0.898956602982,0.860754875801,0.850596338129,0.843310275028,0.829585000913,0.792989609715,0.755008124465,0.743107153313,0.727782354409,0.711582355655,0.696758379583,0.679236625071,0.652831751,0.617696133948,0.601121647131,0.589189367313,0.579835840214,0.552638314383,0.534161807532,0.517030906591,0.491414588085,0.462963637127,0.425072380948,0.414746382769,0.379872216632,0.362590220923,0.358240583546,0.326340255309,0.290747751643,0.28449120571,0.244463960695,0.200063831591,0.15,0,0
1.0,0.971767748743,0.948384717686,0.941634329723,0.923427263311,0.893318740806,0.85770963233,0.84609456327,0.807943907265,0.794752779088,0.760628384437,0.728196646939,0.71741709207,0.700113841944,0.682340146499,0.67554666842,0.639075594201,0.608359538194,0.578869830198,0.53592017299,0.494385638223,0.489718974978,0.480267000832,0.446347236313,0.433124490287,0.399111232028,0.387057667867,0.374943408949,0.360144354481,0.32532918376,0.286291728065,0.273622568349,0.232751980173,0.187401259725,0.171282376349,0.16259808165,0.1,0,0
1.0,0.971767748743,0.948384717686,0.909348128767,0.900734894853,0.864477777222,0.825004531915,0.818229107441,0.78001880988,0.738624528495,0.730228844335,0.720671856169,0.680858377806,0.668670635346,0.657884841759,0.619775500774,0.60623108337,0.592742374055,0.555298112511,0.542256692975,0.529714864787,0.51862893149,0.484367904097,0.44676164134,0.408248716249,0.37511688967,0.340968317228,0.309109843738,0.257219299838,0.248046870233,0.239558538432,0.198782695955,0.191418598875,0.18408697946,0.12810837715,0.114761241549,0.1,0,0
1.0,0.971767748743,0.954803885294,0.935481068554,0.900633176527,0.887587823856,0.873247875104,0.854447538461,0.836763068863,0.817184622835,0.798167775432,0.772889035781,0.756022134497,0.729162245133,0.704129897451,0.669998738044,0.654851231353,0.64655992284,0.619633075021,0.596987926564,0.561445500419,0.531641641368,0.497514406492,0.462578023061,0.424739621575,0.391744316012,0.353950268159,0.348326008389,0.308427917831,0.26989349579,0.253105123875,0.235704721055,0.225224054256,0.216510010124,0.171282376349,0.16259808165,0.15,0,0
1.0,0.971767748743,0.953811238732,0.93325982572,0.915964299055,0.898815713883,0.87071231075,0.85647143716,0.826078375974,0.791965132568,0.778998188761,0.762224395566,0.72804285057,0.714441518883,0.682464714563,0.672164204182,0.643926228038,0.606873144157,0.596505184781,0.58718671524,0.577775963323,0.565305369902,0.531969149658,0.494061530271,0.476640914938,0.439948771427,0.409645086375,0.370960536961,0.36234873079,0.352027998854,0.318379932093,0.275803216761,0.238006742398,0.202349321901,0.192924544655,0.16259808165,0.15,0,0
1.0,0.95822360294,0.917230405536,0.876267431281,0.870045432315,0.860004735813,0.851334775028,0.837102842128,0.801431821754,0.76333237721,0.724858665192,0.686496847164,0.646073823395,0.640871060283,0.632088887001,0.59237536834,0.582885323952,0.544923559392,0.536081561194,0.523955504487,0.486122891259,0.477801211901,0.473933967148,0.460579101416,0.427112645595,0.419997606993,0.38488561284,0.371825504287,0.361539688306,0.346840290213,0.312802702164,0.275803216761,0.238006742398,0.219218208947,0.173971504504,0.114761241549,0.1,0,0
1.0,0.95822360294,0.946609696012,0.935058034065,0.898998971351,0.888353368173,0.872231062488,0.842612748481,0.809627488993,0.797580575779,0.78489713977,0.772134312851,0.735623342876,0.725478488654,0.694329609902,0.680656793385,0.665911847773,0.652537532599,0.617201356539,0.583586804056,0.570938749792,0.533674221138,0.501311789426,0.461916540039,0.448769303856,0.437338003104,0.427780659148,0.397068456767,0.363497355807,0.359037684733,0.323539514307,0.307898370136,0.269591145189,0.26216864356,0.219994457719,0.182389075622,0.15,0,0
1.0,0.971767748743,0.953811238732,0.93453474167,0.917769620954,0.88634396933,0.850047106834,0.837397575102,0.799919255751,0.765246038016,0.753348535886,0.742209796738,0.731497489697,0.722264136051,0.710117470518,0.67928307257,0.643063770623,0.603952979646,0.566277136382,0.555551424926,0.525300485169,0.514123284843,0.497896238129,0.483932914583,0.452980132166,0.443969054072,0.413222429173,0.374021832906,0.36653067986,0.324014566907,0.312802702164,0.267456635419,0.227277862517,0.18408697946,0.12810837715,0.114761241549,0.1,0,0
1.0,0.971767748743,0.947101601041,0.908820127482,0.899398257172,0.861316282383,0.822130548554,0.782339872868,0.773953195438,0.764549370545,0.726408911188,0.718764376806,0.707309376319,0.701537151734,0.696310560722,0.657518534106,0.61839872681,0.605281438072,0.591446907785,0.585785301907,0.572923622997,0.555902478155,0.519631146691,0.487518666597,0.470081197505,0.436785281716,0.404261933994,0.371825504287,0.331989165461,0.318590613628,0.274461155175,0.267456635419,0.227277862517,0.18408697946,0.173971504504,0.114761241549,0.1,0,0
1.0,0.95822360294,0.916953357272,0.87571540744,0.834927483654,0.831295262342,0.824529519896,0.78380213421,0.743433518446,0.702957847047,0.696395135889,0.656362046856,0.616270182242,0.60889424896,0.599761418192,0.590862382279,0.581552097368,0.573065246105,0.539637292947,0.53327120548,0.521712826523,0.482304734691,0.477923820108,0.468972333572,0.454047266659,0.439958293733,0.400274233323,0.397141201604,0.363527454344,0.359037684733,0.323539514307,0.307898370136,0.269601957718,0.262179886669,0.219994457719,0.200063831591,0.15,0,0
1.0,0.971767748743,0.954369805574,0.934903733209,0.926527724433,0.893525787963,0.85574978532,0.844281482308,0.806563280127,0.795016076672,0.758600918224,0.720040981162,0.709078451659,0.669747748863,0.654894194746,0.61625889288,0.601392612991,0.597300843036,0.558971189334,0.525930729379,0.486461531639,0.476874109149,0.44362950718,0.432332531607,0.392130218357,0.386994365847,0.383637291185,0.343593211839,0.331989165461,0.294401198527,0.259680949023,0.245387584399,0.193386326735,0.18408697946,0.173971504504,0.114761241549,0.1,0,0
1.0,0.971767748743,0.94722267551,0.932350084195,0.899418491371,0.887216784999,0.850587763441,0.840869991016,0.804379495701,0.76572756718,0.726114223367,0.715881807711,0.676591568705,0.636657836913,0.59619816424,0.555440353593,0.549514371945,0.511066325992,0.502351599594,0.497648664007,0.463186559406,0.451476805086,0.439699392973,0.427805493662,0.418735031336,0.381531863107,0.368568067368,0.334158085447,0.323710304026,0.31642795841,0.30203682214,0.26537034566,0.259989309345,0.25255880467,0.209839270249,0.200063831591,0.15,0,0
1.0,0.95822360294,0.949578502974,0.910430951838,0.869506940422,0.861272320452,0.822235576679,0.781364181742,0.773112093864,0.765645324377,0.727500615173,0.716575588874,0.707554116762,0.670302699153,0.631485372156,0.591275444844,0.584617874729,0.544872988234,0.503380394844,0.498793040298,0.489616613349,0.449337182439,0.444765667104,0.431340680456,0.39623554631,0.389383434595,0.357570173534,0.320558167633,0.273548714181,0.259641976153,0.252925864138,0.233620287548,0.191418598875,0.18408697946,0.173971504504,0.16259808165,0.1,0,0
1.0,0.971767748743,0.954803885294,0.934401165194,0.916162673444,0.900037999712,0.880970282197,0.859805963508,0.839236636326,0.820576916693,0.799249342529,0.773071538952,0.755867543777,0.734915580183,0.717407859021,0.697993837681,0.670614536686,0.655054490794,0.632472978578,0.60638391245,0.568222959038,0.528751595477,0.496988904307,0.457987026091,0.454047266659,0.416169153708,0.376301949478,0.343655283326,0.337843489163,0.305922470207,0.291783997338,0.282186153343,0.276224282529,0.26216864356,0.244463960695,0.200063831591,0.15,0,0
1.0,0.971767748743,0.954803885294,0.9339463706,0.917836264411,0.886234949806,0.854569303998,0.816775478597,0.805689789588,0.799029948916,0.787869818345,0.749777262859,0.736794665474,0.723323302373,0.688062872433,0.654283692861,0.615377535335,0.604362046551,0.566467274614,0.553242177428,0.513974145154,0.47959285442,0.466032908392,0.430601463101,0.424847601951,0.386211255381,0.346663789459,0.31004580979,0.297787727431,0.287722995559,0.252925864138,0.247164316263,0.239850732014,0.219218208947,0.209839270249,0.200063831591,0.15,0,0
1.0,0.95822360294,0.946689111694,0.909187400678,0.898364208365,0.86021649575,0.820939982262,0.811204440724,0.799970414792,0.786067480879,0.772063381733,0.755023480508,0.720422726064,0.685076103196,0.669539958773,0.661170739872,0.631433831171,0.61842665101,0.585321088305,0.570691084688,0.560620482225,0.527939886914,0.498769853779,0.483850090036,0.469420033918,0.453947558944,0.42395946378,0.389859556305,0.379937278143,0.337211044401,0.329549499868,0.295195707784,0.290747751643,0.25255880467,0.209839270249,0.16259808165,0.1,0,0
1.0,0.971767748743,0.953998813669,0.932787463938,0.915356576044,0.899900235659,0.879622435593,0.852838282919,0.821880684751,0.786889040829,0.773596633395,0.739910559719,0.72796853027,0.718088349188,0.682528148283,0.645049217472,0.614278237226,0.575941665012,0.568758838037,0.528849337909,0.517991506012,0.505324768196,0.492066911874,0.477625103565,0.437593260231,0.432948530976,0.400274233323,0.36248511291,0.353209565275,0.31642795841,0.280708278482,0.243284622777,0.208942945411,0.182048419529,0.173971504504,0.16259808165,0.1,0,0
1.0,0.971767748743,0.953495317742,0.93235566013,0.901271643968,0.862104857799,0.850616894371,0.813971681849,0.803358084868,0.790462435477,0.75376310071,0.740640280597,0.729651927401,0.717530359515,0.704257313101,0.678834230193,0.641781183715,0.603812602578,0.593599175807,0.582463996068,0.544152431856,0.530126301822,0.525326079746,0.495385066991,0.481212424921,0.466487474322,0.437928864938,0.399701903514,0.36653067986,0.352027998854,0.318379932093,0.275803216761,0.227277862517,0.18408697946,0.12810837715,0.114761241549,0.1,0,0
1.0,0.971767748743,0.946708208795,0.934037440723,0.916229597764,0.885403991132,0.872423052629,0.853100855125,0.835953712963,0.808889563114,0.779826760005,0.76808647803,0.735986618889,0.699736609504,0.694315027511,0.6817449964,0.666746707419,0.632475435139,0.598590838962,0.561664221545,0.545941524684,0.507049344175,0.467750889459,0.46042725041,0.423192927439,0.388636255122,0.351842904881,0.30971109658,0.274520325541,0.264878630189,0.233440432861,0.217369030755,0.202349321901,0.18408697946,0.173971504504,0.16259808165,0.1,0,0
1.0,0.971767748743,0.953998813669,0.93325982572,0.91382689916,0.895355961436,0.871663267749,0.84525170454,0.833603070029,0.812991915536,0.792350989686,0.775591668973,0.759765221254,0.742813902755,0.714856994222,0.690910072251,0.672088022393,0.641369509913,0.615161961708,0.607815465169,0.588330751921,0.552587520978,0.518290421687,0.48196325981,0.447911292995,0.414908623571,0.405202510654,0.37160203196,0.358979860205,0.352027998854,0.312802702164,0.306625135931,0.269591145189,0.229000780678,0.209839270249,0.16259808165,0.15,0,0
1.0,0.971767748743,0.947331721536,0.909006077277,0.869970107214,0.863884503256,0.824878852866,0.816079476381,0.807005239744,0.794535060948,0.756657990377,0.742725627899,0.704790569234,0.667641585188,0.628633770941,0.594813140016,0.554154216235,0.541730719162,0.503946289089,0.495400828346,0.488109659904,0.475512339015,0.43651501425,0.432328297204,0.423835337093,0.38236405192,0.370750658524,0.336652197642,0.294057684787,0.257607112657,0.251201473818,0.200695164372,0.193386326735,0.18408697946,0.173971504504,0.114761241549,0.1,0,0
1.0,0.971767748743,0.946708208795,0.932196189084,0.899395057802,0.887437441748,0.873247875104,0.838766889178,0.804108398947,0.766501937051,0.727388074286,0.715664816401,0.681196582897,0.671079202133,0.660817303017,0.622186170149,0.614583872155,0.603228839732,0.566196931317,0.532561564559,0.528275143462,0.515266214977,0.51025036175,0.469687099874,0.456459352748,0.423336837243,0.414359438766,0.411270807258,0.403101516838,0.364257250831,0.327497371928,0.312364996358,0.276224282529,0.26216864356,0.209839270249,0.16259808165,0.15,0,0
1.0,0.95822360294,0.916979288532,0.909005572669,0.900222408885,0.861751130999,0.854099066503,0.815267509872,0.805109946865,0.765596404956,0.753766375461,0.74559251523,0.710676590628,0.671508739834,0.632535628492,0.594175422813,0.583863691005,0.574514805827,0.562901146478,0.523556905394,0.516210955535,0.481584246896,0.4720597099,0.430643814499,0.421232129076,0.387116808316,0.373986449684,0.340505778973,0.30632576652,0.299285532983,0.252925864138,0.198782695955,0.191418598875,0.18408697946,0.12810837715,0.114761241549,0.1,0,0
1.0,0.95822360294,0.916979288532,0.875830903814,0.869413159769,0.861310920918,0.821491931642,0.814431656235,0.775247243974,0.767361019676,0.727710220826,0.688260613975,0.678585642757,0.666464116544,0.627177804949,0.588185870155,0.58209201902,0.576157086752,0.537017083085,0.528962869323,0.516585531566,0.507460971347,0.468313386181,0.430552143541,0.418763498979,0.412449188786,0.371485637864,0.337109151158,0.330067978228,0.319793922164,0.304154748927,0.297963057704,0.290747751643,0.25255880467,0.209839270249,0.200063831591,0.15,0,0
1.0,0.971767748743,0.948384717686,0.935160940919,0.915745867782,0.899151228569,0.870324879418,0.85393769201,0.835970652946,0.805959149542,0.77588895888,0.746606496676,0.731388536292,0.724719090658,0.693230138431,0.654777780087,0.64332849395,0.63756149647,0.599507815327,0.586194902617,0.554593231566,0.540003563461,0.499272185854,0.461892018106,0.45737139746,0.426226369677,0.384324975941,0.371389403714,0.366421145422,0.333032522189,0.327497371928,0.282186153343,0.276224282529,0.229000780678,0.192924544655,0.16259808165,0.1,0,0
1.0,0.95822360294,0.946609696012,0.908831530055,0.899789888375,0.861120502507,0.821545511164,0.781847623175,0.741194260165,0.702558321374,0.696370790338,0.689304104995,0.680641905142,0.641023639168,0.600980489874,0.560037409491,0.553164949133,0.513302286038,0.504689754662,0.498871912736,0.46195150051,0.457463877237,0.451322388811,0.416475029386,0.379121536774,0.374062332476,0.358799239916,0.354262210983,0.308427917831,0.297090111138,0.262556769367,0.234892731092,0.223048949413,0.182048419529,0.173971504504,0.114761241549,0.1,0,0
1.0,0.95822360294,0.945633003792,0.90840486238,0.868273709212,0.859140862585,0.820026412958,0.811482379778,0.774091140152,0.733887334072,0.694040923807,0.684924739627,0.647970656785,0.60714778836,0.601708300459,0.561312709255,0.55601939955,0.515995598643,0.474666408195,0.468416077392,0.46118713683,0.452154077817,0.414521051867,0.403605561535,0.363732067812,0.356115670706,0.351123977375,0.307745822621,0.271958055365,0.257607112657,0.252194782819,0.245387584399,0.227277862517,0.18408697946,0.12810837715,0.114761241549,0.1,0,0
1.0,0.95822360294,0.917155658001,0.909379985173,0.869963763471,0.828893163764,0.82123990012,0.814834317322,0.775066995569,0.735285474636,0.724721453978,0.717108279586,0.679497014538,0.666813253679,0.626970067707,0.593444833513,0.584616236192,0.54524742997,0.538465551006,0.529352372076,0.522247347199,0.512668142664,0.502565481526,0.461253842764,0.452667398292,0.421697086811,0.381815252609,0.349079035257,0.337714776068,0.333079066277,0.289046331649,0.253091318486,0.246002982718,0.238276564298,0.192924544655,0.114761241549,0.1,0,0
1.0,0.971767748743,0.94722267551,0.935775626404,0.901147709382,0.885059799582,0.872071012709,0.838464400754,0.826324718281,0.808002587321,0.779673412863,0.770845818473,0.735094707075,0.703467609193,0.692239780415,0.679245131111,0.65015131217,0.61143168261,0.571960001412,0.568186626941,0.553617840668,0.539290194557,0.528232703791,0.513600048527,0.481212424921,0.446658608489,0.415733288225,0.374021832906,0.337159239938,0.333079066277,0.318379932093,0.306625135931,0.259989309345,0.25255880467,0.209839270249,0.200063831591,0.15,0,0
1.0,0.971767748743,0.953998813669,0.932769969314,0.91822067599,0.900833856124,0.872931207697,0.856317018564,0.828138342435,0.792777381609,0.778312079429,0.764411959997,0.729228147514,0.721797398476,0.704788142728,0.669497722292,0.641411423954,0.603868941861,0.568225821962,0.552351891666,0.537955752819,0.500149296652,0.493713350361,0.458809269785,0.425196744447,0.382257729387,0.348207637646,0.344293113335,0.306558108239,0.271888489081,0.253105123875,0.243284622777,0.208942945411,0.200264209141,0.171282376349,0.16259808165,0.1,0,0
1.0,0.95822360294,0.917155658001,0.87582820094,0.834501236449,0.793666344166,0.787582750394,0.782705989173,0.741237906015,0.7335920665,0.725086847808,0.716116823621,0.677567767921,0.637774982898,0.627509397029,0.591988490488,0.580200257961,0.544011890449,0.536716157437,0.528454557889,0.489065279212,0.477920729915,0.463907525358,0.4237561559,0.389827698273,0.349185766068,0.342334313995,0.307342330341,0.264809690532,0.257607112657,0.224955403171,0.21100883493,0.202349321901,0.18408697946,0.173971504504,0.114761241549,0.1,0,0
1.0,0.95822360294,0.917006220142,0.909703347519,0.870489044643,0.861083003949,0.850763181338,0.815679330086,0.804629355133,0.765942558107,0.756783753522,0.720511428936,0.681358818531,0.641422321772,0.630505750317,0.590985397352,0.585551823168,0.545752673556,0.536609419805,0.531154586438,0.526107288796,0.485965075848,0.473147228501,0.439144360773,0.407028537764,0.395795914484,0.363624987936,0.352196681016,0.348419153558,0.307500228349,0.262320206891,0.253091318486,0.238006742398,0.219218208947,0.173971504504,0.114761241549,0.1,0,0
1.0,0.95822360294,0.917058079073,0.910468683041,0.871993020637,0.831237537296,0.824791872587,0.814327380226,0.77507482941,0.765985702912,0.755723649666,0.745123832058,0.733648532504,0.696890593352,0.658228404654,0.645494567835,0.634116499065,0.619193731793,0.612020035358,0.577878059575,0.541758766828,0.50494135893,0.473244831518,0.467713499466,0.429435753495,0.420852473422,0.408911698131,0.368629657935,0.352083629616,0.346840290213,0.341860688278,0.306625135931,0.269591145189,0.26216864356,0.219994457719,0.16259808165,0.1,0,0
1.0,0.95822360294,0.917230405536,0.875864210095,0.869544353648,0.861391233156,0.850746176532,0.838888166794,0.823567868054,0.811567471472,0.792552241933,0.764858484092,0.747383355598,0.713352408491,0.699224563578,0.665624282778,0.651169342418,0.616339976274,0.582323079498,0.551424830578,0.537788193829,0.531028009041,0.501388928227,0.461412657666,0.423469929492,0.381877836967,0.372823571607,0.333471704394,0.289573155583,0.250429801622,0.241501989281,0.233620287548,0.227277862517,0.219218208947,0.173971504504,0.114761241549,0.1,0,0
1.0,0.95822360294,0.917149759738,0.87587324162,0.869480269678,0.828266201443,0.821260762222,0.811276578047,0.77455497781,0.764843185534,0.754237117445,0.71605219011,0.705494065359,0.668575145574,0.630422607017,0.59077177473,0.550869848875,0.541065057861,0.537233052873,0.52632211872,0.519554826264,0.506388404704,0.471551017719,0.431130745926,0.420783016299,0.38679692692,0.34439516069,0.340397762976,0.334526948193,0.31854957055,0.312760502571,0.26537034566,0.225224054256,0.219218208947,0.173971504504,0.16259808165,0.1,0,0
1.0,0.971767748743,0.954432053728,0.936310897413,0.916927137744,0.884352223569,0.871097802736,0.836226602202,0.820899064861,0.793792399835,0.755929406111,0.722388381637,0.712171312083,0.673429442282,0.659548272154,0.627784096832,0.617113405175,0.606566544263,0.565848060598,0.52599776389,0.489204177475,0.448417841687,0.443924953379,0.404805694164,0.397778894518,0.395370865509,0.352356769609,0.347487805968,0.343725403983,0.329235166313,0.314039939715,0.27581362284,0.234925629092,0.226761491008,0.169579517154,0.15,0.15,0,0
1.0,0.95822360294,0.916979288532,0.90953284947,0.89963651019,0.861013438808,0.820415228008,0.810611946163,0.798150370987,0.792220351205,0.780511465749,0.744227312858,0.731165679032,0.717119398786,0.701484327699,0.670160733252,0.654111782199,0.643772889892,0.613843694012,0.595294800936,0.560934981731,0.546318635252,0.508200210851,0.477423421961,0.46060216677,0.423658379639,0.415883066262,0.383820726166,0.377694607782,0.344584413752,0.329549499868,0.295195707784,0.257262994761,0.216510010124,0.209839270249,0.16259808165,0.1,0,0
1.0,0.971767748743,0.953978938736,0.936004289256,0.91848662976,0.887820130236,0.856949293406,0.817082541101,0.777420816519,0.768186047066,0.762536358589,0.750112859788,0.736711440795,0.699882085961,0.665730681651,0.654676325706,0.643045497961,0.602849064648,0.589668854101,0.551143453277,0.537055662129,0.504724561171,0.467949357467,0.453269736218,0.437419382497,0.43048989587,0.398067550472,0.383820726166,0.35141432171,0.31642795841,0.310579174817,0.295195707784,0.257262994761,0.216510010124,0.171282376349,0.16259808165,0.15,0,0
1.0,0.95822360294,0.917149759738,0.91034292557,0.900557672183,0.887910088717,0.853939562376,0.839606691423,0.804292698918,0.765815480157,0.725653029163,0.686593585333,0.646970131443,0.636558033809,0.628664832901,0.589214831886,0.585311710277,0.547709738953,0.538910789808,0.500718437926,0.464052095113,0.460175094082,0.451682758987,0.409786286935,0.400517337735,0.392163817521,0.381154517237,0.372308285401,0.361539688306,0.318590613628,0.304154748927,0.267456635419,0.259989309345,0.219218208947,0.173971504504,0.114761241549,0.1,0,0
1.0,0.971767748743,0.954369805574,0.934401165194,0.916965258466,0.899383030032,0.87881788573,0.858063078146,0.834879445681,0.806449122112,0.790249667,0.761350678497,0.729199306315,0.719634641455,0.700452182302,0.665201216457,0.652840792815,0.634480892798,0.602524688069,0.574438849816,0.543871111825,0.541221726786,0.501997208649,0.496790967876,0.45623202111,0.447540343112,0.432239585023,0.392886188523,0.380008012943,0.346840290213,0.312802702164,0.275803216761,0.238006742398,0.202349321901,0.192924544655,0.114761241549,0.1,0,0
1.0,0.971767748743,0.947010783176,0.933126137924,0.91682453907,0.901586954268,0.875095724864,0.841090225934,0.828443294415,0.79228618842,0.755401369536,0.743857942281,0.731851863761,0.695741152413,0.686416616693,0.64879766876,0.637480838033,0.623142854501,0.609737802271,0.577970990602,0.562794612041,0.549071621405,0.516558119996,0.479117086849,0.448305614583,0.408521936739,0.372076192973,0.359019369269,0.353633660442,0.318590613628,0.274461155175,0.267456635419,0.259989309345,0.219218208947,0.173971504504,0.114761241549,0.1,0,0
1.0,0.95822360294,0.945633003792,0.93248013187,0.915337776594,0.885912400504,0.850862587091,0.814302084456,0.774181542183,0.76422141469,0.752525100317,0.73884661654,0.702462322772,0.691177192412,0.652015186213,0.614322299344,0.576793469301,0.564612414288,0.526002276688,0.492043572462,0.484131503148,0.448044093094,0.441117547049,0.404649853528,0.396396496682,0.357462666205,0.347936577723,0.308111204785,0.27389156709,0.243991513975,0.237206495205,0.228907494601,0.208942945411,0.202349321901,0.12810837715,0.114761241549,0.1,0,0
1.0,0.971767748743,0.945633003792,0.909161104171,0.899248057327,0.860927640353,0.821668023672,0.813231724639,0.775907332408,0.766343080188,0.730280551054,0.72386847453,0.683966975209,0.6461329399,0.637774045713,0.630623815215,0.591407906393,0.549613317734,0.542725170821,0.538667147311,0.500246514563,0.461226796017,0.416731819297,0.410754900416,0.367535829368,0.324129889084,0.313274048996,0.306917392403,0.295293776598,0.284742755899,0.280718368792,0.240323850128,0.234925629092,0.202349321901,0.173971504504,0.16259808165,0.1,0,0
