1.0,0.970524980564,0.955294629678,0.938680156629,0.923665916231,0.907102090856,0.889786433535,0.875761309374,0.854656226001,0.841820493715,0.822673079349,0.805717180122,0.790261538182,0.774840836107,0.758672430559,0.745111848542,0.727469792029,0.712097963687,0.698101970202,0.681289494567,0.662798041306,0.647572495654,0.634163539063,0.618920859713,0.603136404416,0.582976280188,0.574258239936,0.558968267467,0.539423812344,0.527610619854,0.510332413904,0.497362499445,0.484269088137,0.468984597315,0.454762895029,0.438360054931,0.422937454447,0.405325645178,0.388530978205,0.369505227122,0.353720712632,0.334355849377,0.312565446202,0.301561652857,0.258187486152,0.230931957977,0.199999303657,0.163298677819,0.115470053838,0.0,0
1.0,0.970524980564,0.954826088783,0.939746447593,0.924018710099,0.907564958835,0.890642954766,0.874221503346,0.858953374027,0.840523056928,0.820128927365,0.807278269698,0.78973336562,0.772050356647,0.754557038753,0.735267568921,0.721198704637,0.707857171267,0.687470909092,0.67071169085,0.653983937767,0.640914440258,0.628457595669,0.614225230355,0.598551485418,0.578523261002,0.567442508156,0.555391839402,0.54038096753,0.529029171306,0.50839872638,0.497454876793,0.482297393367,0.465906850778,0.449928679534,0.433445189174,0.422937454447,0.405325645178,0.39524340469,0.37800618678,0.353720712632,0.334355849377,0.322846416285,0.301561652857,0.278686611269,0.230931957977,0.199999303657,0.163298677819,0.115470053838,0.0,0
1.0,0.970524980564,0.955679712155,0.938790399749,0.925189270961,0.907111289939,0.892727152081,0.873945740104,0.857157955603,0.837540447989,0.823755333225,0.808911073432,0.793125176274,0.77810254616,0.758764230284,0.741500365483,0.725708925956,0.708858893143,0.689865996758,0.67680893083,0.663180816882,0.648278374583,0.635525478692,0.620544877837,0.604379613424,0.58797126838,0.575128325184,0.558006292876,0.546298629056,0.533934799644,0.512836608723,0.507219762793,0.493266752746,0.479594527256,0.464686373802,0.447537680451,0.430882990805,0.400118197145,0.383107231109,0.364787157509,0.346218781566,0.326461690382,0.305446637798,0.282801875553,0.258187486152,0.230931957977,0.199999303657,0.163298677819,0.115470053838,0.0,0
1.0,0.970524980564,0.956692671387,0.93929262735,0.924224286367,0.907320680841,0.889580758969,0.872498016762,0.856226616706,0.840539439038,0.821716836686,0.803550777503,0.79037941427,0.771129609763,0.755116390051,0.738723118676,0.72606368989,0.710034058971,0.695421245591,0.682250629195,0.666385730376,0.653895041809,0.636911525163,0.618075688001,0.599122532821,0.583694891328,0.568721484801,0.556672838491,0.544302675648,0.532345515834,0.518538147043,0.498189554014,0.486730369028,0.476243860459,0.460937904137,0.442450826611,0.430882990805,0.415145691743,0.39524340469,0.37800618678,0.361793027618,0.34287296451,0.322846416285,0.301561652857,0.278686611269,0.254005864754,0.226957724341,0.19766973531,0.115470053838,0.0,0
1.0,0.970524980564,0.956291986904,0.939389438032,0.923291433007,0.907120669575,0.886991866922,0.871359218125,0.856150439499,0.839770674436,0.820573116705,0.80630965539,0.788289321686,0.773659588281,0.760515257227,0.742624087688,0.723328055462,0.706294856397,0.69425104668,0.679713743693,0.661978475972,0.644618176642,0.632264738809,0.616024878502,0.603354897665,0.591515274744,0.573775239723,0.558006292876,0.539508534183,0.525651766923,0.512246441715,0.497454876793,0.4812194117,0.465906850778,0.449928679534,0.438360054931,0.422937454447,0.411760585987,0.39524340469,0.37800618678,0.361793027618,0.326461690382,0.305446637798,0.282801875553,0.258187486152,0.230931957977,0.199999303657,0.163298677819,0.115470053838,0.0,0
1.0,0.970524980564,0.955017892008,0.939263623367,0.924284138059,0.90631421285,0.887803731455,0.870479666477,0.853606309668,0.835032469673,0.820224992393,0.800906092374,0.78581136049,0.770133812396,0.7561369848,0.737323598059,0.725606275114,0.712222121972,0.692451364059,0.67947037029,0.667282748204,0.653184246493,0.640001483249,0.622866222807,0.603965532864,0.590090002294,0.573775239723,0.558611832768,0.547379177913,0.532454020176,0.51787252951,0.501491450324,0.489971178766,0.476243860459,0.460937904137,0.442450826611,0.42760703155,0.411760585987,0.39524340469,0.37800618678,0.353720712632,0.34287296451,0.322846416285,0.282801875553,0.258187486152,0.230931957977,0.199999303657,0.163298677819,0.115470053838,0.0,0
1.0,0.970524980564,0.955070607257,0.939973326195,0.923352624337,0.907459546032,0.888257651965,0.872307526254,0.852972893441,0.838152718592,0.827025571628,0.811166643685,0.794585221465,0.776640145523,0.759949329856,0.743530099732,0.725212690584,0.712488949586,0.698688915071,0.681307752299,0.66213107286,0.645341890075,0.628457595669,0.610905997259,0.595486434524,0.579304992631,0.567424778702,0.554066972029,0.536313252172,0.524397309078,0.50839872638,0.497454876793,0.478194626126,0.46121028397,0.449928679534,0.438360054931,0.42760703155,0.411760585987,0.39524340469,0.37800618678,0.353720712632,0.334355849377,0.312565446202,0.301561652857,0.278686611269,0.254005864754,0.226957724341,0.163298677819,0.115470053838,0.0,0
1.0,0.970524980564,0.956010985615,0.939157186193,0.922250711543,0.904283794835,0.886791337596,0.869916682329,0.852966193066,0.833799131984,0.820256831088,0.807970317727,0.79161050884,0.776195740713,0.76207015751,0.748219759578,0.733007660167,0.714914768621,0.703051633113,0.682810215182,0.670178422797,0.658402431505,0.63856364622,0.624546667208,0.610153453896,0.596159142171,0.575367530746,0.560891699805,0.545222754977,0.532454020176,0.511377489302,0.49657742963,0.485368880064,0.474836861436,0.458794384088,0.441495373611,0.426168052401,0.408644375845,0.391991370291,0.38171486162,0.364007193441,0.345445831934,0.305854797291,0.283419739668,0.258187486152,0.230931957977,0.199999303657,0.163298677819,0.115470053838,0.0,0
1.0,0.970524980564,0.955017892008,0.938840910276,0.923208227751,0.906816738465,0.890038113328,0.872694380268,0.857518303295,0.839312390212,0.821811318488,0.803741997881,0.788447480855,0.773236202181,0.7578446684,0.740906658991,0.721215980658,0.70584782314,0.687443513696,0.67621352678,0.661691215227,0.650398602866,0.639505521352,0.626893145615,0.611985224243,0.595145757363,0.579289892753,0.559240476132,0.542319520157,0.527380729048,0.515257503325,0.503714204497,0.488620430769,0.474836861436,0.4555617204,0.441495373611,0.42760703155,0.411760585987,0.379740871725,0.361793027618,0.361793027618,0.34287296451,0.322846416285,0.301561652857,0.278686611269,0.254005864754,0.199999303657,0.163298677819,0.115470053838,0.0,0
1.0,0.970524980564,0.955679712155,0.939982936568,0.920582343808,0.906332257317,0.886403308751,0.87063070492,0.855108443248,0.842606089218,0.824809379829,0.808879421039,0.795701417844,0.779365389058,0.760103384961,0.74751479465,0.729665106563,0.713561924853,0.696997362596,0.683482150217,0.671616663045,0.654898661165,0.642157165048,0.622993170117,0.611853038272,0.599225795202,0.583604215888,0.566468720944,0.554756185554,0.540262784729,0.527853381559,0.514205025748,0.501076418413,0.483294478946,0.464224059389,0.446244116405,0.429973698994,0.407771028869,0.390203044494,0.371246383631,0.352111913036,0.331373719528,0.323303704116,0.302090078224,0.279329091819,0.258123726862,0.233445257191,0.163298677819,0.115470053838,0.0,0
1.0,0.970524980564,0.958161065301,0.941981460038,0.924011237599,0.908786866775,0.893129515276,0.878279712118,0.861542033766,0.842250439334,0.826234587757,0.808166484731,0.795413097761,0.779440948625,0.76270330373,0.742875841836,0.730235377235,0.711046782525,0.693661389999,0.679737738759,0.666826705314,0.649387968165,0.635467916775,0.62017881783,0.601548855233,0.590323512615,0.57565894863,0.55939681092,0.544387854622,0.529029171306,0.514410296464,0.49657742963,0.482297393367,0.471664067048,0.4555617204,0.441495373611,0.426168052401,0.405325645178,0.39524340469,0.361793027618,0.361793027618,0.34287296451,0.305446637798,0.282801875553,0.258187486152,0.230931957977,0.199999303657,0.163298677819,0.115470053838,0.0,0
1.0,0.970524980564,0.956007807673,0.939087417287,0.923661292679,0.90814979006,0.891154209364,0.873529265015,0.857440855883,0.841948497747,0.823577077391,0.804318902969,0.792651461069,0.773567984915,0.757185762198,0.740362438233,0.726689299262,0.712169291265,0.697371959979,0.685931056422,0.669339796773,0.653441313944,0.637754446234,0.617132501709,0.607742225936,0.591723303101,0.579289892753,0.561233836553,0.544302675648,0.532345515834,0.515257503325,0.503714204497,0.491902960479,0.478197727463,0.464092365888,0.446068081966,0.430882990805,0.415145691743,0.398779238685,0.38171486162,0.364007193441,0.34287296451,0.322846416285,0.301561652857,0.278686611269,0.230931957977,0.199999303657,0.163298677819,0.115470053838,0.0,0
1.0,0.970524980564,0.955070607257,0.938680156629,0.921147256514,0.906570823601,0.889903441904,0.87359238803,0.854295208566,0.841363576629,0.824935508478,0.80972300075,0.78973336562,0.775490807555,0.758111389819,0.739651561341,0.723137312344,0.711710338026,0.695517786745,0.682793108377,0.669826907898,0.649745797621,0.638322705556,0.619056740998,0.60719602123,0.589966601824,0.575536245036,0.561826051902,0.541578070385,0.529593051952,0.519115201575,0.498733352341,0.486730369028,0.471790035931,0.455690044337,0.436536797235,0.419504400937,0.408644375845,0.391991370291,0.38171486162,0.364007193441,0.326803154284,0.305854797291,0.283419739668,0.2594132923,0.2594132923,0.233445257191,0.206507929364,0.115470053838,0.0,0
1.0,0.970524980564,0.955490331368,0.941046058194,0.924832930711,0.907898425238,0.89038839732,0.872401760679,0.855860072267,0.838699863574,0.823053132332,0.80948410871,0.790204101285,0.771189896058,0.754700410638,0.744000652738,0.727069655007,0.707872465374,0.695463868617,0.677524991883,0.661681269723,0.646278391563,0.635464533108,0.618848135234,0.608161149871,0.596183214913,0.576849041168,0.560123096545,0.546346378193,0.534410413229,0.524046979628,0.506080838601,0.492732712814,0.469718542228,0.453580049657,0.444026905265,0.427024042137,0.401800823883,0.383467817568,0.360734960517,0.336635522965,0.324934371503,0.302637928737,0.290454943844,0.265466434837,0.254005864754,0.199999303657,0.163298677819,0.115470053838,0.0,0
1.0,0.970524980564,0.954953133817,0.939087806175,0.924361137482,0.906790427921,0.888726604354,0.870899371785,0.85382617167,0.836493046936,0.815648645886,0.800075414234,0.789584565446,0.772011769705,0.754259933382,0.737291808599,0.725801784514,0.712699793101,0.697281571175,0.679782855263,0.663016254394,0.646659755935,0.629807857493,0.614841555014,0.601464310999,0.582032152419,0.569196450863,0.554066972029,0.542319520157,0.527380729048,0.515257503325,0.503714204497,0.485520215397,0.474993236907,0.454762895029,0.438360054931,0.422937454447,0.405325645178,0.388530978205,0.37800618678,0.353720712632,0.34287296451,0.305446637798,0.282801875553,0.258187486152,0.230931957977,0.199999303657,0.163298677819,0.115470053838,0.0,0
1.0,0.970524980564,0.955490331368,0.939203171713,0.923606655599,0.907703440226,0.888956750264,0.87551341665,0.858072283607,0.842664526195,0.828121563834,0.810690579868,0.796731394539,0.778536327641,0.761062693396,0.745762564345,0.730311200197,0.713615299372,0.696775792512,0.681287146579,0.663141069065,0.647100635968,0.632607345401,0.61352998582,0.601647025849,0.583463201263,0.566968305286,0.552391615249,0.54038096753,0.529029171306,0.50839872638,0.493569861037,0.478194626126,0.465906850778,0.454762895029,0.442891349305,0.42760703155,0.411760585987,0.39524340469,0.361793027618,0.346218781566,0.326461690382,0.305446637798,0.282801875553,0.258187486152,0.230931957977,0.199999303657,0.163298677819,0.115470053838,0.0,0
1.0,0.970524980564,0.955951392057,0.938984880212,0.920953595963,0.906478124048,0.891055628085,0.870927090413,0.853910301984,0.840712924293,0.82712385557,0.808185418517,0.789898718575,0.771335508834,0.758970097563,0.742756584384,0.726106127892,0.709621998265,0.69662102221,0.681698354206,0.663390341677,0.644857124799,0.624287661162,0.610417466733,0.591072269172,0.579304992631,0.567424778702,0.549241968507,0.537556455284,0.521825561329,0.509651235432,0.494834423435,0.477928784545,0.466253426288,0.455690044337,0.446244116405,0.426168052401,0.415145691743,0.398779238685,0.38171486162,0.361793027618,0.34287296451,0.322846416285,0.301561652857,0.258187486152,0.230931957977,0.199999303657,0.163298677819,0.115470053838,0.0,0
1.0,0.970524980564,0.955679712155,0.939558069108,0.923804500107,0.907471699767,0.889543469238,0.873208175913,0.859697429652,0.842444501155,0.824380947735,0.808008321086,0.789285894062,0.769076670957,0.754954580931,0.739246583979,0.727809116662,0.71481347009,0.697342041208,0.680782481567,0.665944993722,0.647425276163,0.634938010239,0.622363486259,0.608469343769,0.596536567808,0.580937683903,0.561297952385,0.548356163055,0.532345515834,0.521633220545,0.504922715926,0.489841511781,0.474836861436,0.464092365888,0.449508885652,0.426168052401,0.408644375845,0.388530978205,0.37800618678,0.361793027618,0.326461690382,0.305446637798,0.282801875553,0.258187486152,0.230931957977,0.199999303657,0.163298677819,0.115470053838,0.0,0
1.0,0.970524980564,0.947055061956,0.939307337407,0.928189546131,0.910218946517,0.892760098018,0.875234695105,0.857297798142,0.840745215653,0.82323913628,0.805774160787,0.791825590784,0.775396019841,0.758189412343,0.746747053461,0.729748004515,0.711321682679,0.699356610434,0.684208206936,0.664759010628,0.651468516361,0.640037079798,0.624236544262,0.611985224243,0.594820087091,0.582714082876,0.569923727975,0.552536927312,0.534151014169,0.516523116175,0.503714204497,0.488620430769,0.471664067048,0.4555617204,0.436536797235,0.426168052401,0.405325645178,0.388530978205,0.37800618678,0.361793027618,0.34287296451,0.305446637798,0.282801875553,0.258187486152,0.230931957977,0.199999303657,0.163298677819,0.115470053838,0.0,0
1.0,0.970524980564,0.95547182558,0.939087806175,0.920950307173,0.902498468958,0.889067254671,0.87414060777,0.857384769152,0.840996805838,0.822995865829,0.805485286423,0.789554126804,0.769504730976,0.757413424336,0.740695552946,0.728138573405,0.708633299544,0.692851402131,0.676667119081,0.66200101237,0.646590147076,0.631031312697,0.614708078175,0.594975091651,0.585205146951,0.568689788032,0.548433334222,0.53335892402,0.522315975754,0.501111306705,0.488045026231,0.476657982435,0.466592837146,0.44515826213,0.433445189174,0.416335820795,0.398549220365,0.380097740715,0.369505227122,0.345846277977,0.324934371503,0.312565446202,0.290454943844,0.278686611269,0.254005864754,0.199999303657,0.163298677819,0.115470053838,0.0,0
1.0,0.970524980564,0.956749340776,0.937872039121,0.92459792866,0.908175489891,0.89191944002,0.875127053592,0.861171307482,0.846203687482,0.828603745186,0.812429038121,0.794371329673,0.778026104198,0.75942461587,0.740657980319,0.728617060953,0.714365262544,0.701833626568,0.683391172298,0.666312944845,0.652723756458,0.638358101215,0.620628143669,0.604708777247,0.585645311202,0.570531115329,0.555391839402,0.54038096753,0.529029171306,0.518538147043,0.497454876793,0.482297393367,0.466592837146,0.450397149645,0.430157152743,0.409857428319,0.398549220365,0.380097740715,0.369505227122,0.353720712632,0.334355849377,0.312565446202,0.290454943844,0.278686611269,0.254005864754,0.226957724341,0.163298677819,0.115470053838,0.0,0
1.0,0.970524980564,0.959464343361,0.939087417287,0.923532865655,0.907957472089,0.893508079453,0.878794002686,0.860967063585,0.844010774254,0.828401130597,0.812711724912,0.793991852211,0.779169987266,0.760522880501,0.743386128218,0.730956161228,0.714361564227,0.700800990607,0.684651869142,0.667982660408,0.64600919087,0.632132856337,0.61870103307,0.612221184338,0.599155872933,0.58250479298,0.566198511518,0.552522087471,0.535537420755,0.52177315212,0.506876957531,0.485032355959,0.469376029828,0.458923964418,0.449645233378,0.434437841294,0.41899963393,0.391991370291,0.373109467885,0.354856628748,0.334293932871,0.326243081152,0.301561652857,0.278686611269,0.230931957977,0.199999303657,0.163298677819,0.115470053838,0.0,0
1.0,0.970524980564,0.955907772845,0.938330518006,0.923288683548,0.904997153454,0.886050785536,0.870180395764,0.854367111872,0.839131711555,0.820150650935,0.801425076232,0.78260938643,0.766506950792,0.751490228528,0.736021686996,0.71662014093,0.702384154962,0.687267269775,0.674435722457,0.65595904045,0.637987465296,0.626014222285,0.607175884537,0.591072269172,0.579304992631,0.567424778702,0.555374082018,0.536313252172,0.524397309078,0.50839872638,0.497454876793,0.478194626126,0.465906850778,0.449928679534,0.438360054931,0.42760703155,0.411760585987,0.39524340469,0.37800618678,0.361793027618,0.326461690382,0.305446637798,0.282801875553,0.258187486152,0.230931957977,0.199999303657,0.163298677819,0.115470053838,0.0,0
1.0,0.970524980564,0.955679712155,0.940018651787,0.921513741367,0.904291384167,0.885606558614,0.866053989637,0.846907202402,0.8365109259,0.819909268865,0.805909944294,0.792289957884,0.775874939123,0.759251973606,0.744950602132,0.731518350544,0.717739866784,0.701063413138,0.682792057245,0.667234395949,0.656358780783,0.63895450269,0.625006680658,0.606846429378,0.595773689351,0.582729071203,0.56458915146,0.553715697703,0.537294182387,0.523873091872,0.508232958213,0.490392547448,0.480749383995,0.455690044337,0.433445189174,0.416335820795,0.405325645178,0.388530978205,0.369505227122,0.353720712632,0.334355849377,0.312565446202,0.290454943844,0.278686611269,0.254005864754,0.226957724341,0.163298677819,0.115470053838,0.0,0
1.0,0.970524980564,0.959464343361,0.939535691147,0.921763074776,0.906995818332,0.886910779492,0.873934449303,0.855198706865,0.840504689197,0.822001377487,0.80550061537,0.789144470707,0.774062809517,0.758264207542,0.744277133087,0.733754848288,0.717429894647,0.703672185619,0.688913786249,0.668949321672,0.653439999254,0.638140747442,0.621106780095,0.607304567615,0.593017379734,0.578234275066,0.56760345369,0.55340727074,0.533655322353,0.521633220545,0.507430672059,0.49313582904,0.479460422926,0.464224059389,0.449645233378,0.434437841294,0.41899963393,0.403012094761,0.373109467885,0.364007193441,0.345445831934,0.312565446202,0.301561652857,0.258187486152,0.230931957977,0.199999303657,0.163298677819,0.115470053838,0.0,0
1.0,0.970524980564,0.95534570733,0.938465557219,0.923695112168,0.906936199402,0.88945448913,0.874793620123,0.857855571099,0.841643292873,0.824115929848,0.80561366297,0.789398221842,0.771786174411,0.757930833798,0.737963894353,0.720587200367,0.702298053797,0.682144759951,0.671172617798,0.654725508763,0.640105989688,0.620886420398,0.605843032353,0.59416021045,0.58107387278,0.569196450863,0.553276798761,0.538258635434,0.524397309078,0.50839872638,0.493569861037,0.476657982435,0.466592837146,0.450397149645,0.436536797235,0.426168052401,0.408644375845,0.391991370291,0.373109467885,0.354856628748,0.324934371503,0.312565446202,0.301561652857,0.258187486152,0.230931957977,0.199999303657,0.163298677819,0.115470053838,0.0,0
1.0,0.970524980564,0.95534570733,0.940146912564,0.922315629413,0.905664986318,0.888796346864,0.872147559256,0.85571420261,0.836160506776,0.821556924378,0.804193073317,0.784170815588,0.774149824872,0.758651949586,0.739315549747,0.721859685809,0.708287110217,0.69266484948,0.678861721717,0.665966285235,0.653922273577,0.636653347953,0.623807600057,0.608680445928,0.593283807755,0.577449869601,0.566036425481,0.550876225323,0.536859772919,0.523113606813,0.511615323,0.497212800684,0.482387065261,0.465151062503,0.453083622003,0.434437841294,0.41899963393,0.391991370291,0.369505227122,0.345846277977,0.334355849377,0.312565446202,0.290454943844,0.265466434837,0.239066802835,0.226957724341,0.19766973531,0.173205080757,0.0,0
1.0,0.970524980564,0.956081692112,0.938267398861,0.92134287196,0.904647285432,0.887858532983,0.869669280385,0.854429780231,0.838344365451,0.822408450605,0.808943725366,0.792424246395,0.775732492261,0.756515642955,0.740245708666,0.723083203458,0.709539765245,0.695298212067,0.68290700807,0.668460704841,0.656966050414,0.644856787843,0.628916304191,0.611264794782,0.598104537781,0.584124978399,0.571345327389,0.556886926811,0.539030583908,0.52799670878,0.510840741177,0.497619832202,0.474964018165,0.458923964418,0.439796871515,0.422665219851,0.400120919348,0.390203044494,0.373109467885,0.354856628748,0.334293932871,0.326243081152,0.283419739668,0.2594132923,0.2594132923,0.233445257191,0.206507929364,0.173205080757,0.0,0
1.0,0.970524980564,0.958161065301,0.941981460038,0.923995181563,0.908141593743,0.891897102288,0.87602795152,0.861258018883,0.844721355803,0.825168549709,0.810885184275,0.794029806999,0.776265648368,0.75783260953,0.74083456405,0.731113419374,0.713103061322,0.699153983106,0.681287146579,0.668149436105,0.652383846879,0.636717117749,0.619158773382,0.606706709133,0.589296886029,0.574011415952,0.554209198644,0.543503778003,0.532189748432,0.511377489302,0.497454876793,0.485520215397,0.471664067048,0.4555617204,0.433445189174,0.422937454447,0.411760585987,0.379740871725,0.364787157509,0.346218781566,0.326461690382,0.305446637798,0.282801875553,0.258187486152,0.230931957977,0.199999303657,0.163298677819,0.115470053838,0.0,0
1.0,0.970524980564,0.954826088783,0.939186711306,0.923264728792,0.904292773932,0.885800038463,0.87211850755,0.855814618708,0.837774386492,0.821377146387,0.803869804343,0.785783450445,0.772407460253,0.75369778818,0.735644075668,0.719083275078,0.708070515291,0.697054806283,0.684208206936,0.670850963217,0.654041527091,0.640226452147,0.625958348304,0.615442237361,0.602984669165,0.576460555511,0.569370794372,0.552250609665,0.535531133223,0.525194807402,0.506080838601,0.485368880064,0.466592837146,0.4555617204,0.441495373611,0.426168052401,0.408644375845,0.388530978205,0.369505227122,0.345846277977,0.334355849377,0.312565446202,0.301561652857,0.278686611269,0.254005864754,0.226957724341,0.19766973531,0.173205080757,0.0,0
1.0,0.970524980564,0.955294629678,0.938281186236,0.922499837909,0.90710818735,0.888364561971,0.870232603388,0.851841432269,0.837355561047,0.82297557228,0.802520439083,0.788139910214,0.770857656238,0.754351957094,0.740436637737,0.724311831461,0.707214735358,0.686837187488,0.671499680765,0.65834734724,0.643648903398,0.630011821093,0.613710731946,0.59781374037,0.584695388704,0.569196450863,0.556112566759,0.5443856606,0.529360200866,0.515257503325,0.500495700756,0.482297393367,0.465906850778,0.449928679534,0.438360054931,0.422937454447,0.411760585987,0.39524340469,0.37800618678,0.353720712632,0.34287296451,0.305446637798,0.282801875553,0.258187486152,0.230931957977,0.199999303657,0.163298677819,0.115470053838,0.0,0
1.0,0.970524980564,0.956692671387,0.93929262735,0.923172338785,0.90708700851,0.890028539892,0.871995342945,0.857046059958,0.839339406648,0.823999596031,0.808873166732,0.792354047697,0.773750994451,0.755933969791,0.743432494402,0.730194847998,0.711570400746,0.693954925736,0.681258130555,0.6624988163,0.6474596255,0.633564643235,0.618307680056,0.602580301828,0.588076838601,0.576915862598,0.561826051902,0.548770261495,0.529029171306,0.518538147043,0.498189554014,0.486730369028,0.476243860459,0.457270099023,0.446068081966,0.430882990805,0.415145691743,0.398779238685,0.365307513934,0.346588981659,0.326803154284,0.305446637798,0.282801875553,0.258187486152,0.230931957977,0.199999303657,0.163298677819,0.115470053838,0.0,0
1.0,0.970524980564,0.955017892008,0.94084202644,0.924420081726,0.908834586638,0.890717839569,0.877584017738,0.860518549219,0.842682102034,0.822374427886,0.808343666454,0.789027953878,0.774659424144,0.754921792373,0.744096240113,0.730132709935,0.712169291265,0.695496689554,0.676771924928,0.665944993722,0.651874571627,0.638306940912,0.624674005264,0.605467665067,0.590662482939,0.575536245036,0.564703458757,0.550876225323,0.536859772919,0.519865538875,0.50494744085,0.490392547448,0.480749383995,0.460166427444,0.450952877005,0.435936991248,0.402284603941,0.398779238685,0.38171486162,0.353720712632,0.34287296451,0.322846416285,0.301561652857,0.278686611269,0.230931957977,0.199999303657,0.163298677819,0.115470053838,0.0,0
1.0,0.970524980564,0.955951392057,0.939389438032,0.922009083522,0.905511827419,0.888198348711,0.870147964824,0.850063128704,0.833717750123,0.815719097996,0.803766873982,0.790112246131,0.773929580132,0.755570722573,0.74221505722,0.726071544032,0.709176677759,0.694789139121,0.681619970529,0.668504714699,0.655139054944,0.640282856866,0.626127972921,0.612145558124,0.596471490628,0.57885642809,0.558513160807,0.543503778003,0.532189748432,0.516828086418,0.500495700756,0.482297393367,0.471664067048,0.4555617204,0.433445189174,0.416335820795,0.405325645178,0.388530978205,0.37800618678,0.353720712632,0.34287296451,0.322846416285,0.301561652857,0.278686611269,0.230931957977,0.199999303657,0.163298677819,0.115470053838,0.0,0
1.0,0.970524980564,0.955679712155,0.93930087671,0.922631389246,0.906095813642,0.890605569869,0.872977138123,0.857732651207,0.84255720808,0.823478687366,0.808871408429,0.795688343492,0.777995293965,0.763433067733,0.74652740619,0.729045600793,0.712191798718,0.69266484948,0.681307752299,0.66213107286,0.643745051078,0.630247579317,0.615991472491,0.59720473618,0.582406414907,0.570531115329,0.554066972029,0.536313252172,0.520584255106,0.504591513907,0.493569861037,0.476657982435,0.466592837146,0.44515826213,0.433445189174,0.416335820795,0.405325645178,0.39524340469,0.37800618678,0.361793027618,0.34287296451,0.322846416285,0.301561652857,0.258187486152,0.230931957977,0.199999303657,0.163298677819,0.115470053838,0.0,0
1.0,0.970524980564,0.959464343361,0.93753609049,0.922064816585,0.907143053966,0.887480921979,0.873288137719,0.856374209244,0.840716116847,0.821976087473,0.808569018192,0.793749700613,0.779305983858,0.764102482184,0.74768599414,0.730347909516,0.710760232509,0.693654149343,0.674197721113,0.65595904045,0.640098306512,0.626014222285,0.614225230355,0.600448779041,0.587856297751,0.575586444389,0.561233836553,0.54638089725,0.534151014169,0.515860789494,0.504329158741,0.489994819476,0.476243860459,0.457270099023,0.442450826611,0.427117715289,0.414555425102,0.39524340469,0.37800618678,0.353720712632,0.34287296451,0.322846416285,0.301561652857,0.278686611269,0.230931957977,0.199999303657,0.163298677819,0.115470053838,0.0,0
1.0,0.970524980564,0.956273355494,0.93930087671,0.924254827132,0.907861745944,0.890843064691,0.877995303521,0.859996661075,0.845358025364,0.825986161822,0.812647664998,0.795608134522,0.777334844235,0.759287318216,0.74534084213,0.727315339894,0.705779602693,0.686534317031,0.666572683233,0.649212744019,0.63898016711,0.628441523397,0.609765013257,0.597902550283,0.587104052398,0.57375141714,0.555374082018,0.543639730105,0.525651766923,0.513512465603,0.498733352341,0.48358869535,0.472997732673,0.449928679534,0.433445189174,0.422937454447,0.405325645178,0.388530978205,0.37800618678,0.353720712632,0.334355849377,0.312565446202,0.290454943844,0.265466434837,0.254005864754,0.226957724341,0.163298677819,0.115470053838,0.0,0
1.0,0.970524980564,0.955070607257,0.940120635569,0.92301888345,0.906249756318,0.888670948533,0.871841215079,0.851663212725,0.835416694267,0.815506827838,0.800275570741,0.778082221951,0.764266409972,0.755274573947,0.738899941539,0.727293893049,0.705787312808,0.694144734642,0.680471028991,0.663173562477,0.645756395838,0.634877238573,0.616038123573,0.605677256772,0.591318323902,0.579206996884,0.559162446333,0.546702243748,0.530621049818,0.517793275548,0.505004342588,0.491902960479,0.478197727463,0.464092365888,0.441495373611,0.426168052401,0.408644375845,0.39524340469,0.37800618678,0.353720712632,0.334355849377,0.312565446202,0.290454943844,0.278686611269,0.254005864754,0.199999303657,0.163298677819,0.115470053838,0.0,0
1.0,0.970524980564,0.959464343361,0.938865510977,0.922771192629,0.906935567235,0.890154171358,0.876608429929,0.860088621961,0.843763680555,0.827181470778,0.81007100906,0.793858745788,0.779283024625,0.760698861379,0.741621249387,0.726533255623,0.708402884595,0.697773206214,0.683333140596,0.670692408239,0.656883347394,0.644115782362,0.626383713463,0.609278622532,0.590662482939,0.570558875174,0.551126303665,0.535373829506,0.518758997003,0.501111306705,0.491006541339,0.479680464587,0.466592837146,0.4555617204,0.436536797235,0.426168052401,0.408644375845,0.391991370291,0.373109467885,0.354856628748,0.334355849377,0.312565446202,0.290454943844,0.278686611269,0.254005864754,0.199999303657,0.163298677819,0.115470053838,0.0,0
1.0,0.970524980564,0.956273355494,0.940207893888,0.923716920743,0.906320775124,0.885629996526,0.867872349226,0.854340830169,0.841615170517,0.827232637152,0.809877389886,0.792291832753,0.778847938804,0.760438700716,0.74403456161,0.725312050207,0.708107280083,0.692046890135,0.678309433538,0.66213107286,0.648715509697,0.631649855054,0.617374963887,0.601121607022,0.586012395511,0.57399264658,0.55849524146,0.541578070385,0.525551564694,0.510895502508,0.500007238742,0.486671628438,0.467906814238,0.456920411089,0.442089327123,0.432392199353,0.400251815394,0.400251815394,0.37776120268,0.359798761209,0.34287296451,0.322846416285,0.301561652857,0.278686611269,0.254005864754,0.226957724341,0.19766973531,0.173205080757,0.0,0
1.0,0.970524980564,0.956273355494,0.938727745594,0.924631693806,0.907059506532,0.888710031854,0.872992084569,0.853846383019,0.837491986694,0.825040007761,0.803951847106,0.790681621374,0.772665468991,0.75966220591,0.743901317623,0.726632970034,0.707819399944,0.696806772226,0.683391172298,0.666312944845,0.654935963547,0.636918094656,0.623104024295,0.607304567615,0.593017379734,0.577613707012,0.559378845182,0.539508534183,0.528254898962,0.51297397442,0.501843426645,0.485520215397,0.471664067048,0.4555617204,0.436536797235,0.419504400937,0.398549220365,0.380097740715,0.360734960517,0.345846277977,0.334355849377,0.322846416285,0.301561652857,0.278686611269,0.254005864754,0.226957724341,0.163298677819,0.115470053838,0.0,0
1.0,0.970524980564,0.956010985615,0.939431985174,0.92317719238,0.907135848821,0.888730896845,0.871664066,0.859510593012,0.843753945993,0.8259235671,0.807678166009,0.792400577528,0.775614642774,0.758065643852,0.743613950811,0.724703051521,0.708469428161,0.698165259641,0.679600343953,0.663016254394,0.64560264563,0.626845134043,0.611924342962,0.5974301415,0.583272690623,0.570435497179,0.557427465594,0.543639730105,0.529593051952,0.519115201575,0.504922715926,0.489841511781,0.474964018165,0.464224059389,0.449508885652,0.434437841294,0.402284603941,0.398779238685,0.365307513934,0.346588981659,0.326803154284,0.305854797291,0.282801875553,0.258187486152,0.230931957977,0.199999303657,0.163298677819,0.115470053838,0.0,0
1.0,0.970524980564,0.959464343361,0.939087417287,0.922505726172,0.909421903031,0.890814894079,0.873238217401,0.855434821909,0.841934236148,0.828112170734,0.80936251941,0.793172854475,0.774454702589,0.756533085465,0.742667654964,0.73023567596,0.71223477857,0.694321995984,0.678836767104,0.66576603168,0.646842992301,0.636027582988,0.616955971584,0.60123530271,0.583463201263,0.57228208432,0.558598099876,0.543503778003,0.524356497298,0.514410296464,0.501236749965,0.485032355959,0.469718542228,0.453580049657,0.444026905265,0.419504400937,0.401800823883,0.383467817568,0.373109467885,0.354856628748,0.345445831934,0.305854797291,0.282801875553,0.258187486152,0.230931957977,0.199999303657,0.163298677819,0.115470053838,0.0,0
1.0,0.970524980564,0.958161065301,0.94128734953,0.926105525349,0.909306103682,0.892949673759,0.876036101439,0.858465785464,0.843998999482,0.827722409935,0.813673785023,0.795903906769,0.778961628728,0.762225290494,0.746612551466,0.731857927102,0.715095348421,0.696775792512,0.682250629195,0.669094780238,0.650323090761,0.638920316952,0.626312855139,0.607406178322,0.595145757363,0.575586444389,0.561233836553,0.549559470564,0.535537420755,0.52177315212,0.510840741177,0.496284369553,0.478197727463,0.446068081966,0.446068081966,0.416324039562,0.400118197145,0.383107231109,0.365307513934,0.346588981659,0.326803154284,0.322846416285,0.282801875553,0.258187486152,0.230931957977,0.199999303657,0.163298677819,0.115470053838,0.0,0
1.0,0.970524980564,0.955582245236,0.939680821887,0.924391406709,0.908238793154,0.892767687299,0.872772008738,0.85546896756,0.840453829427,0.821526806127,0.807581006946,0.791356504576,0.775290615164,0.761401869802,0.748778421009,0.730872378557,0.714435323663,0.698985446312,0.686877854507,0.67044509512,0.656849773467,0.64321030485,0.626348539628,0.608375275298,0.590090002294,0.573739908478,0.555166850611,0.538258635434,0.524397309078,0.509139521206,0.49616173124,0.484269088137,0.47165437317,0.457489354057,0.442891349305,0.42760703155,0.411760585987,0.39524340469,0.37800618678,0.353720712632,0.334355849377,0.312565446202,0.290454943844,0.265466434837,0.254005864754,0.226957724341,0.19766973531,0.115470053838,0.0,0
1.0,0.970524980564,0.955907772845,0.937535445604,0.921365483213,0.904935761723,0.889811239171,0.873137252905,0.859501481637,0.84257565182,0.824146880989,0.809570453087,0.792972261838,0.775732477313,0.756946386386,0.741919746499,0.725934025817,0.710256603584,0.697881852601,0.682138576466,0.668565579812,0.652444446423,0.635525478692,0.617684775616,0.603354897665,0.591515274744,0.578890088357,0.566468720944,0.552522087471,0.538558978629,0.525194807402,0.510338552936,0.501076418413,0.486695432477,0.472973663133,0.456097694465,0.437048003974,0.421745272671,0.404888566905,0.388841082616,0.365156433256,0.346955221415,0.327906719693,0.300573435031,0.278686611269,0.230931957977,0.199999303657,0.163298677819,0.115470053838,0.0,0
1.0,0.970524980564,0.958161065301,0.942063873609,0.925520851925,0.907318460523,0.890987480258,0.87219397425,0.855012564002,0.836973330803,0.818820358674,0.804863338214,0.790473957043,0.776784344964,0.763999990039,0.750444809427,0.732277728877,0.71366957414,0.693224798305,0.676527346927,0.663141069065,0.648086538584,0.633910358316,0.617879882467,0.597723880672,0.586722053266,0.56672566681,0.555476010524,0.540465178453,0.523351075781,0.513380163585,0.493243156647,0.481963812336,0.46121028397,0.449928679534,0.433445189174,0.416335820795,0.405325645178,0.39524340469,0.361793027618,0.361793027618,0.34287296451,0.305446637798,0.282801875553,0.258187486152,0.230931957977,0.199999303657,0.163298677819,0.115470053838,0.0,0
1.0,0.970524980564,0.95547182558,0.939747274774,0.925791591611,0.908880722308,0.891323972409,0.875380922277,0.858512741432,0.842068428139,0.827468186316,0.809924484777,0.792928000548,0.777538911985,0.763671325975,0.748015070826,0.733377653121,0.713921790177,0.695286349061,0.679433247457,0.664444663876,0.644854316526,0.633738589964,0.61982187669,0.603991391335,0.593017379734,0.577613707012,0.561233836553,0.547461709051,0.532345515834,0.521633220545,0.504922715926,0.49313582904,0.479460422926,0.464224059389,0.449645233378,0.433490229807,0.41899963393,0.403012094761,0.373109467885,0.354856628748,0.345445831934,0.322846416285,0.301561652857,0.278686611269,0.254005864754,0.226957724341,0.163298677819,0.115470053838,0.0,0
1.0,0.970524980564,0.956944316704,0.938727745594,0.921397204514,0.904371908701,0.887450324473,0.873663896075,0.85646420822,0.837717862328,0.822421556959,0.804557536761,0.789580295464,0.773322007094,0.75978075032,0.746368941057,0.733377653121,0.71953607613,0.704201225703,0.686877854507,0.67044509512,0.654481868227,0.640882612993,0.628258597944,0.613920955716,0.595237802409,0.577641910292,0.556672838491,0.536422426477,0.525118205131,0.51297397442,0.501843426645,0.489994819476,0.474993236907,0.446068081966,0.446068081966,0.416324039562,0.400118197145,0.379740871725,0.361793027618,0.346218781566,0.326461690382,0.305446637798,0.282801875553,0.258187486152,0.230931957977,0.199999303657,0.163298677819,0.115470053838,0.0,0
1.0,0.970524980564,0.955951392057,0.937872039121,0.922635921682,0.906881431883,0.892037543209,0.874010212678,0.8563259661,0.838676348693,0.819551635323,0.800638534928,0.791488715987,0.773709767092,0.760220992837,0.742919686543,0.728684978542,0.712028768273,0.695549919335,0.682266886508,0.667426226773,0.65169400354,0.63883730323,0.621862575584,0.608136831475,0.593118398961,0.575555103511,0.55939681092,0.548356163055,0.536145258506,0.521633220545,0.504922715926,0.488620430769,0.474836861436,0.4555617204,0.436536797235,0.419504400937,0.401800823883,0.391991370291,0.373109467885,0.364007193441,0.334355849377,0.322846416285,0.301561652857,0.278686611269,0.254005864754,0.226957724341,0.163298677819,0.115470053838,0.0,0
1.0,0.970524980564,0.954826088783,0.938845294723,0.922448012884,0.906997618774,0.889920189097,0.873399764503,0.857506579248,0.838814271756,0.824064470578,0.807091006849,0.791631124848,0.774316277285,0.754801373373,0.742525322128,0.728211133605,0.710958068816,0.695236575647,0.680464854607,0.669451149646,0.648595871881,0.636347962865,0.62053382146,0.608620470323,0.596536637302,0.584124978399,0.571345327389,0.553776881563,0.540128705523,0.522389292783,0.501843426645,0.485520215397,0.465906850778,0.454762895029,0.442891349305,0.42760703155,0.411760585987,0.39524340469,0.37800618678,0.353720712632,0.334355849377,0.322846416285,0.301561652857,0.278686611269,0.254005864754,0.226957724341,0.163298677819,0.115470053838,0.0,0
1.0,0.970524980564,0.954826088783,0.936061967859,0.917099855477,0.901714453966,0.88644782769,0.87225879726,0.854403284772,0.838533773011,0.822583704177,0.805026488652,0.788726732162,0.771385072536,0.759565868651,0.740436637737,0.724141946142,0.709666695171,0.692643976068,0.678841299341,0.666276278855,0.654899478533,0.637267692812,0.620612771512,0.606706709133,0.592422993851,0.574011415952,0.554094421978,0.543387502301,0.531420934748,0.516828086418,0.49657742963,0.485368880064,0.471664067048,0.449928679534,0.433445189174,0.422937454447,0.411760585987,0.39524340469,0.37800618678,0.361793027618,0.326461690382,0.305446637798,0.282801875553,0.258187486152,0.230931957977,0.199999303657,0.163298677819,0.115470053838,0.0,0
1.0,0.970524980564,0.956291986904,0.938892389111,0.923879004321,0.906554758414,0.889136798976,0.870525136577,0.858894415152,0.839915041891,0.825343695372,0.806409387362,0.790449486552,0.777538911985,0.756786558801,0.739507687719,0.72174490786,0.705945461512,0.691029505247,0.677261510123,0.661852400252,0.648642208534,0.631154677361,0.614727803085,0.595125642891,0.576741532816,0.566147123896,0.554094421978,0.543387502301,0.523536248568,0.507538995725,0.491006541339,0.474082149746,0.463930476763,0.453580049657,0.430157152743,0.419504400937,0.408644375845,0.391991370291,0.38171486162,0.364007193441,0.326803154284,0.305446637798,0.282801875553,0.258187486152,0.230931957977,0.199999303657,0.163298677819,0.115470053838,0.0,0
1.0,0.970524980564,0.956273355494,0.942124457305,0.92468835026,0.907861745944,0.888821555246,0.872804648773,0.855366152576,0.840085132295,0.826443644231,0.812165556557,0.793850540039,0.77908960527,0.767359486047,0.750029054077,0.737161230844,0.720368311164,0.702168126837,0.684123714518,0.665790375711,0.647276143508,0.630429428216,0.618075688001,0.605631588298,0.593370263556,0.577532314764,0.564703458757,0.548770261495,0.530326193243,0.509651235432,0.494834423435,0.477928784545,0.462148770057,0.451735039916,0.439796871515,0.422665219851,0.398549220365,0.380097740715,0.369505227122,0.353720712632,0.334355849377,0.312565446202,0.290454943844,0.278686611269,0.230931957977,0.199999303657,0.163298677819,0.115470053838,0.0,0
1.0,0.970524980564,0.954953133817,0.939210485871,0.921830098351,0.906619620248,0.891186914133,0.874979331043,0.859224330896,0.841813434707,0.824057100623,0.809375598853,0.793582785788,0.777000687917,0.761680536338,0.745326035353,0.72860394228,0.713389756477,0.696640155505,0.680481674039,0.6634159695,0.647858325711,0.63697291724,0.62398546957,0.604352202774,0.591703368694,0.575128325184,0.561151646156,0.54638089725,0.534151014169,0.521633220545,0.501843426645,0.486730369028,0.476243860459,0.460937904137,0.446244116405,0.429973698994,0.414555425102,0.398162445871,0.37800618678,0.353720712632,0.34287296451,0.322846416285,0.282801875553,0.258187486152,0.230931957977,0.199999303657,0.163298677819,0.115470053838,0.0,0
1.0,0.970524980564,0.955294629678,0.937570484416,0.923578516074,0.907355198644,0.892494180075,0.872700096468,0.856412015244,0.841392172128,0.824649053689,0.806167979061,0.789899648279,0.770531568804,0.752140328183,0.735032759377,0.72026685662,0.702220937701,0.684981340309,0.671104546647,0.656222152552,0.64560264563,0.631208173301,0.617547091853,0.60250793141,0.585609182213,0.573643387022,0.560631456546,0.547685263522,0.533655322353,0.52297310487,0.501843426645,0.489994819476,0.476243860459,0.460937904137,0.446244116405,0.426168052401,0.415145691743,0.398779238685,0.38171486162,0.353720712632,0.334355849377,0.312565446202,0.301561652857,0.278686611269,0.230931957977,0.199999303657,0.163298677819,0.115470053838,0.0,0
1.0,0.970524980564,0.956007807673,0.939991192872,0.925518769345,0.908920204398,0.893743896894,0.874949783101,0.857959623889,0.83926974278,0.823164183565,0.808746918327,0.793783224129,0.778074624984,0.762731756363,0.747952735331,0.733754848288,0.717606398218,0.702576511808,0.686170417094,0.669571651104,0.653184246493,0.638140747442,0.624340002429,0.607080674581,0.595145757363,0.577551289722,0.56255509782,0.544387854622,0.529029171306,0.514410296464,0.498189554014,0.486730369028,0.476243860459,0.460937904137,0.442450826611,0.427117715289,0.411760585987,0.379740871725,0.364787157509,0.346218781566,0.326461690382,0.305446637798,0.282801875553,0.258187486152,0.230931957977,0.199999303657,0.163298677819,0.115470053838,0.0,0
1.0,0.970524980564,0.958161065301,0.942020090167,0.924956826869,0.906634089795,0.890618666162,0.87482119071,0.858638063182,0.839850795457,0.822630207212,0.807760525038,0.790162482577,0.769960515868,0.755147480948,0.735723319209,0.723299051987,0.70456614161,0.690263068769,0.670793740878,0.655809604728,0.644618176642,0.629032554747,0.612855230936,0.59720473618,0.585546054659,0.567442508156,0.555391839402,0.540265743482,0.527380729048,0.511377489302,0.500495700756,0.482297393367,0.46121028397,0.44515826213,0.433445189174,0.416335820795,0.398549220365,0.380097740715,0.360734960517,0.345846277977,0.334355849377,0.312565446202,0.290454943844,0.265466434837,0.254005864754,0.199999303657,0.163298677819,0.115470053838,0.0,0
1.0,0.970524980564,0.959464343361,0.939004243494,0.922981453225,0.903106745864,0.885534886987,0.867483371467,0.849095603332,0.833953938,0.81449919186,0.802626039664,0.789923512507,0.774960390049,0.756887361546,0.739101147772,0.726439850042,0.708390876041,0.695277384729,0.681282573656,0.665232430362,0.646951665307,0.635828071032,0.617374963887,0.604935988462,0.586181906563,0.573657766652,0.55849524146,0.546792581019,0.534861278088,0.520465295816,0.507628027881,0.490088869916,0.476340152342,0.46218802133,0.447537680451,0.427117715289,0.414555425102,0.39524340469,0.37800618678,0.353720712632,0.334355849377,0.312565446202,0.301561652857,0.278686611269,0.230931957977,0.199999303657,0.163298677819,0.115470053838,0.0,0
1.0,0.970524980564,0.956081692112,0.938644261604,0.923176356648,0.907339040445,0.887544447055,0.873486773876,0.860161938648,0.839502980136,0.825499361064,0.810251933271,0.792227428067,0.77206593956,0.756786558801,0.74376023539,0.727402495206,0.710073469634,0.689651122389,0.675586523007,0.66213107286,0.648139334488,0.634723942202,0.622716121354,0.605641731981,0.590214942043,0.577181639776,0.565765041194,0.546792581019,0.534861278088,0.519115201575,0.504188558097,0.486823533003,0.465906850778,0.454762895029,0.442891349305,0.42760703155,0.411760585987,0.39524340469,0.361793027618,0.361793027618,0.34287296451,0.322846416285,0.282801875553,0.258187486152,0.230931957977,0.199999303657,0.163298677819,0.115470053838,0.0,0
1.0,0.970524980564,0.955490331368,0.941981460038,0.927039401427,0.910733699719,0.894322062113,0.877744824274,0.861580981752,0.845010858725,0.828949660835,0.815622342959,0.798013230299,0.782564140725,0.767314888113,0.753536302958,0.735109818944,0.71890272588,0.703131741076,0.68421585133,0.666750669935,0.650005565707,0.636217490985,0.619287002676,0.602139250527,0.586181906563,0.573657766652,0.561233836553,0.545460131209,0.533514943376,0.520986101336,0.509540418558,0.496284369553,0.474836861436,0.464092365888,0.449508885652,0.434437841294,0.41899963393,0.391991370291,0.373109467885,0.354856628748,0.334293932871,0.314013509808,0.306160289446,0.2594132923,0.254005864754,0.226957724341,0.19766973531,0.173205080757,0.0,0
1.0,0.970524980564,0.956124565199,0.937178104888,0.924359765861,0.905954713503,0.886626660784,0.872740358058,0.855552864053,0.838999326702,0.822224270118,0.807154055293,0.788846382144,0.773519503376,0.757409533627,0.742618408588,0.726682763659,0.707691254338,0.689708869948,0.674658354675,0.662281411933,0.647954085787,0.632370206841,0.617870409129,0.605048856131,0.591391128668,0.579381003637,0.566198511518,0.547461709051,0.535537420755,0.521633220545,0.507430672059,0.488498692405,0.474712247555,0.460519569927,0.445811321015,0.427390314674,0.411536727475,0.383107231109,0.361793027618,0.361793027618,0.34287296451,0.322846416285,0.301561652857,0.258187486152,0.230931957977,0.199999303657,0.163298677819,0.115470053838,0.0,0
1.0,0.970524980564,0.956273355494,0.939093378684,0.926252579049,0.908484529335,0.891186660351,0.877227572215,0.86051284551,0.844723631343,0.827121761846,0.813074872309,0.796656745831,0.782772737467,0.768000324238,0.754043367856,0.734525723587,0.722350776811,0.70092899866,0.679089896766,0.664386427665,0.642673519464,0.634943788622,0.622608107351,0.606300303213,0.590214942043,0.577181639776,0.562126573418,0.550541068991,0.533514943376,0.515257503325,0.497454876793,0.482297393367,0.466592837146,0.4555617204,0.441495373611,0.426168052401,0.408644375845,0.398779238685,0.38171486162,0.364007193441,0.345445831934,0.326243081152,0.306160289446,0.2594132923,0.254005864754,0.226957724341,0.19766973531,0.115470053838,0.0,0
1.0,0.970524980564,0.954953133817,0.93911782543,0.922476904151,0.90623652378,0.891223457879,0.875614780901,0.860790883058,0.845983280221,0.832042441779,0.815271927106,0.800349974313,0.781574832425,0.767522289089,0.753306519018,0.73628672644,0.714555028873,0.704279953716,0.690534045831,0.673364943567,0.658161555822,0.640693801177,0.630140742165,0.610153453896,0.599097400801,0.588826683699,0.574159069963,0.560991779622,0.545850225468,0.526252346795,0.510538423652,0.493350252749,0.483830040293,0.463620716469,0.449557447831,0.434941066066,0.416018128632,0.390203044494,0.380126035997,0.359798761209,0.340926030184,0.32127371502,0.300573435031,0.279329091819,0.258123726862,0.233445257191,0.206507929364,0.115470053838,0.0,0
1.0,0.970524980564,0.955294629678,0.939139315143,0.922334483847,0.907161257252,0.889735826499,0.873032972564,0.858668535701,0.842148567284,0.824470632025,0.806875153126,0.790581171106,0.77152931159,0.753981087626,0.741026247917,0.723083203458,0.708076823683,0.692451364059,0.679781096529,0.664414900085,0.644890237295,0.630247579317,0.611333045869,0.59416021045,0.58107387278,0.566168351969,0.553276798761,0.535250704577,0.521378535091,0.505479515087,0.493163603867,0.478194626126,0.465906850778,0.449928679534,0.433445189174,0.416335820795,0.405325645178,0.388530978205,0.37800618678,0.353720712632,0.334355849377,0.312565446202,0.301561652857,0.258187486152,0.230931957977,0.199999303657,0.163298677819,0.115470053838,0.0,0
1.0,0.970524980564,0.956385101293,0.940120635569,0.922799216695,0.906443779373,0.888545556788,0.872824955125,0.855450128376,0.839692919599,0.821232929276,0.803862067732,0.788806478118,0.771258903553,0.754253863623,0.738118109046,0.726530129844,0.70999946466,0.690939601607,0.676812185918,0.658195170387,0.640105989688,0.622666909152,0.608140419184,0.595126894716,0.58107387278,0.569196450863,0.554066972029,0.542319520157,0.529360200866,0.515257503325,0.497454876793,0.482297393367,0.471664067048,0.4555617204,0.441495373611,0.426168052401,0.408644375845,0.398779238685,0.38171486162,0.364007193441,0.34287296451,0.322846416285,0.301561652857,0.258187486152,0.230931957977,0.199999303657,0.163298677819,0.115470053838,0.0,0
1.0,0.970524980564,0.955490331368,0.938644261604,0.924050116831,0.906137376133,0.887775076216,0.874064358243,0.858135144342,0.84346967273,0.827420924299,0.810252625805,0.790620147638,0.771910396932,0.755731385259,0.741095133237,0.727397440073,0.706028601535,0.692389877382,0.680081127082,0.665966285235,0.651468516361,0.63868596018,0.622716121354,0.607416378556,0.591939658605,0.575786790315,0.559240476132,0.542319520157,0.527380729048,0.511377489302,0.500495700756,0.488620430769,0.474836861436,0.458794384088,0.441495373611,0.42760703155,0.396882686318,0.379740871725,0.361793027618,0.361793027618,0.34287296451,0.322846416285,0.301561652857,0.278686611269,0.254005864754,0.226957724341,0.19766973531,0.115470053838,0.0,0
1.0,0.970524980564,0.956291986904,0.940207893888,0.92450609437,0.906698937615,0.888452426092,0.869664960682,0.855067637367,0.837985889393,0.823550276231,0.804661656561,0.788054361959,0.775191399607,0.754638473981,0.738009548766,0.720963289923,0.706667723536,0.692207290798,0.680228868277,0.667568545752,0.653895041809,0.63934983188,0.622363486259,0.608796273728,0.594500364805,0.578651035337,0.564955064715,0.544797130381,0.533498948815,0.515721386018,0.500007238742,0.476657982435,0.466592837146,0.4555617204,0.436536797235,0.416335820795,0.405325645178,0.39524340469,0.37800618678,0.353720712632,0.334355849377,0.322846416285,0.301561652857,0.278686611269,0.254005864754,0.199999303657,0.163298677819,0.115470053838,0.0,0
1.0,0.970524980564,0.956692671387,0.939998198236,0.923172338785,0.907607615852,0.893143039309,0.878019148619,0.860488320746,0.842952616998,0.824191187173,0.80488944399,0.787044380774,0.773370042183,0.755280840337,0.742624087688,0.725934025817,0.710602277034,0.693682508658,0.674957837393,0.658729443571,0.644602168847,0.631492463469,0.618256558224,0.601364561638,0.584695388704,0.569196450863,0.551318391158,0.538258635434,0.526360338504,0.513501367739,0.501924334973,0.488773194901,0.474993236907,0.460807528876,0.446068081966,0.430882990805,0.400118197145,0.382480749291,0.364787157509,0.346218781566,0.326461690382,0.305446637798,0.282801875553,0.258187486152,0.230931957977,0.199999303657,0.163298677819,0.115470053838,0.0,0
1.0,0.970524980564,0.955294629678,0.939245810385,0.922642108731,0.906539896771,0.884629940672,0.870511400272,0.853423113979,0.837105641592,0.821329581196,0.803895050369,0.792084568297,0.774677585082,0.755505778062,0.741480126644,0.729332047158,0.712233859609,0.698888549713,0.683340315432,0.66825233217,0.65130986004,0.636487616819,0.620270677473,0.605553437218,0.590208942898,0.57228208432,0.552308189288,0.536553756184,0.515845147928,0.504591513907,0.489508764617,0.478194626126,0.46121028397,0.44515826213,0.433445189174,0.416335820795,0.405325645178,0.388530978205,0.369505227122,0.353720712632,0.34287296451,0.322846416285,0.301561652857,0.278686611269,0.254005864754,0.199999303657,0.163298677819,0.115470053838,0.0,0
1.0,0.970524980564,0.956010985615,0.940236840815,0.923439078334,0.907372752248,0.889498354744,0.872519985403,0.855651927617,0.838218472563,0.822378029286,0.810132265256,0.792412894077,0.774224646729,0.757116631553,0.742592202116,0.72937996106,0.713022253169,0.700041152542,0.68355736231,0.668850655871,0.650710957214,0.639028363911,0.626419996276,0.607304567615,0.595209155711,0.57935264773,0.566198511518,0.547461709051,0.527380729048,0.50839872638,0.497454876793,0.485520215397,0.474993236907,0.454762895029,0.438360054931,0.42760703155,0.411760585987,0.39524340469,0.361793027618,0.361793027618,0.34287296451,0.322846416285,0.301561652857,0.278686611269,0.230931957977,0.199999303657,0.163298677819,0.115470053838,0.0,0
1.0,0.970524980564,0.956749340776,0.939034180915,0.922158746462,0.907232128007,0.887858532983,0.872128367794,0.85386155962,0.838546015376,0.822798042903,0.804401631736,0.789230889991,0.771254729536,0.755774335014,0.742116902787,0.729520981589,0.712534965918,0.698681535964,0.679713743693,0.661978475972,0.643370924795,0.627824049388,0.616024878502,0.603354897665,0.591515274744,0.578890088357,0.561151646156,0.547379177913,0.532262905928,0.513512465603,0.493163603867,0.478194626126,0.465906850778,0.454762895029,0.438360054931,0.422937454447,0.411760585987,0.39524340469,0.37800618678,0.353720712632,0.34287296451,0.322846416285,0.301561652857,0.278686611269,0.230931957977,0.199999303657,0.163298677819,0.115470053838,0.0,0
1.0,0.970524980564,0.954826088783,0.937662364958,0.921949715463,0.906441611715,0.889752355996,0.875841131168,0.861452478093,0.844808963566,0.828925409588,0.812121184486,0.794403730643,0.775206677615,0.757318497616,0.739772876978,0.728221263802,0.713110868673,0.698985446312,0.684609155383,0.668676706359,0.650822720794,0.632230667048,0.619863453482,0.600448779041,0.587856297751,0.575586444389,0.561233836553,0.549559470564,0.535537420755,0.52177315212,0.506080838601,0.488620430769,0.471664067048,0.449928679534,0.438360054931,0.422937454447,0.411760585987,0.39524340469,0.361793027618,0.361793027618,0.326461690382,0.305446637798,0.282801875553,0.258187486152,0.230931957977,0.199999303657,0.163298677819,0.115470053838,0.0,0
1.0,0.970524980564,0.95547182558,0.939099404462,0.922153187107,0.906894917432,0.887816991659,0.870693764401,0.857020713066,0.841706225252,0.824696015371,0.806120745415,0.789900619944,0.774797810159,0.758222671384,0.73963440905,0.723682890603,0.708685031092,0.69119271539,0.678544433539,0.662463628415,0.648465108697,0.631413045324,0.619051966527,0.605631588298,0.589966601824,0.577532314764,0.564474096282,0.54638089725,0.532345515834,0.51297397442,0.498189554014,0.486730369028,0.476243860459,0.460937904137,0.446244116405,0.429973698994,0.414555425102,0.398162445871,0.38171486162,0.346588981659,0.326803154284,0.305854797291,0.283419739668,0.2594132923,0.230931957977,0.199999303657,0.163298677819,0.115470053838,0.0,0
1.0,0.970524980564,0.95547182558,0.938744693032,0.923107095237,0.906694841136,0.887674016497,0.872476421407,0.852448755934,0.838366618117,0.819707533775,0.799308792381,0.784102610723,0.76733295718,0.752184715981,0.737348611628,0.724995377429,0.710530078343,0.698288797307,0.680228868277,0.667568545752,0.653895041809,0.640302952701,0.626312855139,0.612329467385,0.593118398961,0.575555103511,0.56255509782,0.551553534728,0.535537420755,0.524898849731,0.510840741177,0.489841511781,0.474964018165,0.458923964418,0.449645233378,0.426168052401,0.408644375845,0.398779238685,0.365307513934,0.361793027618,0.34287296451,0.322846416285,0.301561652857,0.278686611269,0.254005864754,0.226957724341,0.19766973531,0.115470053838,0.0,0
1.0,0.970524980564,0.955017892008,0.939116160005,0.92430377681,0.906478124048,0.886663242503,0.873350946934,0.859501481637,0.840316493998,0.821899666444,0.806922317525,0.788055753512,0.770132067183,0.757685022354,0.738828732124,0.722276738478,0.709908902599,0.692119748271,0.674505651875,0.658694705221,0.644335948472,0.629807857493,0.617997396332,0.604587927435,0.592326075834,0.575507548065,0.559335602584,0.5443856606,0.526360338504,0.509139521206,0.493163603867,0.4812194117,0.468984597315,0.454762895029,0.438360054931,0.422937454447,0.405325645178,0.388530978205,0.369505227122,0.353720712632,0.34287296451,0.322846416285,0.301561652857,0.278686611269,0.230931957977,0.199999303657,0.163298677819,0.115470053838,0.0,0
1.0,0.970524980564,0.956007807673,0.938970701086,0.923093793067,0.906977401325,0.89040260643,0.871026278871,0.855060182482,0.840547843004,0.821905939856,0.805235922266,0.792418095762,0.77463488607,0.75710830795,0.745332230153,0.728571812708,0.713080677571,0.701607944658,0.685637095792,0.669048027209,0.656849773467,0.636862314752,0.617895190887,0.603562549092,0.591723303101,0.573675821481,0.557176255634,0.542319520157,0.526360338504,0.510332413904,0.497362499445,0.484269088137,0.47165437317,0.457489354057,0.442891349305,0.413184230605,0.396882686318,0.379740871725,0.361793027618,0.361793027618,0.34287296451,0.322846416285,0.301561652857,0.278686611269,0.254005864754,0.199999303657,0.163298677819,0.115470053838,0.0,0
1.0,0.970524980564,0.955070607257,0.937649104897,0.918315166669,0.907589595333,0.889557453577,0.874689460071,0.855267298727,0.835863710568,0.820676219115,0.805033149919,0.791718195725,0.773894748213,0.7608833685,0.742875841836,0.727486123464,0.708304204885,0.69015233779,0.674280766615,0.655704964515,0.64011482571,0.623630181384,0.612588338578,0.596091140561,0.585604706976,0.566121380838,0.549082665716,0.538886710328,0.524356497298,0.508587194911,0.496247961946,0.481963812336,0.466253426288,0.455690044337,0.439796871515,0.429973698994,0.414555425102,0.398779238685,0.38171486162,0.364007193441,0.345445831934,0.326243081152,0.283419739668,0.2594132923,0.254005864754,0.226957724341,0.19766973531,0.115470053838,0.0,0
1.0,0.970524980564,0.956692671387,0.939786175371,0.923371232405,0.906160304002,0.888454230716,0.872959131272,0.855586305357,0.840633579447,0.826764216782,0.810857492635,0.796299860598,0.780593550344,0.766926452815,0.754369142107,0.737895497531,0.724850676311,0.705419948226,0.688241466788,0.671616663045,0.654898661165,0.635828071032,0.619863453482,0.607406178322,0.591723303101,0.573675821481,0.558513160807,0.547461709051,0.532345515834,0.521633220545,0.503714204497,0.491902960479,0.460596017986,0.446068081966,0.446068081966,0.430882990805,0.415145691743,0.398779238685,0.38171486162,0.353720712632,0.334355849377,0.322846416285,0.301561652857,0.278686611269,0.254005864754,0.226957724341,0.19766973531,0.173205080757,0.0,0
1.0,0.970524980564,0.959464343361,0.93753609049,0.920416763387,0.908288601717,0.888757004476,0.872247905268,0.859281796999,0.843962465747,0.828909180986,0.815179267731,0.795804290579,0.780131830747,0.76693016976,0.753642205388,0.73735161445,0.719537911554,0.704134624231,0.690776922049,0.671634605943,0.652567758933,0.640037079798,0.624049565608,0.607531846898,0.59507765328,0.581954047741,0.570594381478,0.554756185554,0.538558978629,0.522043712549,0.510978859276,0.493266752746,0.476340152342,0.46218802133,0.446068081966,0.416324039562,0.400118197145,0.379740871725,0.361793027618,0.361793027618,0.326461690382,0.305446637798,0.282801875553,0.258187486152,0.230931957977,0.199999303657,0.163298677819,0.115470053838,0.0,0
1.0,0.970524980564,0.95534570733,0.939004243494,0.924654774346,0.907680504484,0.891358312452,0.874661185979,0.859288521912,0.841887526957,0.821523858088,0.803160870281,0.787482131717,0.773156871272,0.754070251837,0.739651561341,0.721658975435,0.703078679821,0.690875600239,0.671277211062,0.660174564457,0.646222420731,0.634312856577,0.614665577076,0.601390266634,0.588447946972,0.571708133717,0.560631456546,0.547685263522,0.535467887663,0.518263537457,0.504112524526,0.490712910418,0.479460422926,0.460807528876,0.446068081966,0.430882990805,0.411760585987,0.379740871725,0.361793027618,0.361793027618,0.34287296451,0.322846416285,0.301561652857,0.278686611269,0.254005864754,0.226957724341,0.163298677819,0.115470053838,0.0,0
1.0,0.970524980564,0.955294629678,0.939574165571,0.923395659474,0.907236156297,0.890412136654,0.86950050394,0.852821800826,0.836537488223,0.819895436675,0.802917710669,0.785881678147,0.76689670384,0.753565910521,0.737658758826,0.720328905875,0.707861149656,0.688562566989,0.676766840963,0.658800449585,0.643399513954,0.625687822607,0.613900654289,0.60169066271,0.581997594765,0.567540134127,0.55548961922,0.540818526521,0.529290992242,0.509651235432,0.494834423435,0.482297393367,0.466592837146,0.44515826213,0.433445189174,0.416335820795,0.405325645178,0.39524340469,0.361793027618,0.361793027618,0.326461690382,0.305446637798,0.282801875553,0.258187486152,0.230931957977,0.199999303657,0.163298677819,0.115470053838,0.0,0
1.0,0.970524980564,0.955582245236,0.936711717657,0.924624557879,0.909851380517,0.895007362421,0.877985572874,0.860791585486,0.845088063019,0.826926731424,0.80662539833,0.794878627682,0.778048719949,0.757773085495,0.737681376004,0.726539827524,0.713154615917,0.700514876653,0.681589723487,0.669606850408,0.655124696286,0.636911525163,0.622832086619,0.607406178322,0.589985567368,0.577551289722,0.56255509782,0.544302675648,0.524397309078,0.512246441715,0.497454876793,0.4812194117,0.465906850778,0.449928679534,0.438360054931,0.42760703155,0.411760585987,0.379740871725,0.361793027618,0.346218781566,0.326461690382,0.305446637798,0.282801875553,0.258187486152,0.230931957977,0.199999303657,0.163298677819,0.115470053838,0.0,0
1.0,0.970524980564,0.954826088783,0.938123113219,0.919680527535,0.904499260322,0.889126620018,0.872927075206,0.857534538812,0.838868205713,0.824698902675,0.807517718514,0.790477820807,0.774477027854,0.758895814991,0.743026876529,0.72649194196,0.711431026319,0.692265137271,0.67392250792,0.655464087012,0.644285154055,0.632230667048,0.613383314699,0.600973109307,0.586722053266,0.567442508156,0.548392363012,0.536313252172,0.520584255106,0.50839872638,0.497454876793,0.485520215397,0.465906850778,0.454762895029,0.442891349305,0.42760703155,0.396882686318,0.379740871725,0.361793027618,0.346218781566,0.326461690382,0.305446637798,0.282801875553,0.258187486152,0.230931957977,0.199999303657,0.163298677819,0.115470053838,0.0,0
1.0,0.970524980564,0.956944316704,0.938267410438,0.922591202028,0.907715568823,0.890710460635,0.876019518013,0.858674602463,0.844488791553,0.828315273407,0.813830885105,0.798582634836,0.778913402923,0.760628766377,0.747574926744,0.733491681665,0.716013120343,0.699853461585,0.68856189032,0.674052218864,0.655208357278,0.638049568889,0.6186991241,0.602911024736,0.592791634542,0.574456994447,0.558362514641,0.548056489879,0.530950689992,0.51554406373,0.495668904189,0.479491530058,0.458006838372,0.437065507921,0.424006182138,0.414165397205,0.400120919348,0.390203044494,0.373109467885,0.354856628748,0.334293932871,0.302637928737,0.278864148255,0.265466434837,0.239066802835,0.226957724341,0.19766973531,0.115470053838,0.0,0
1.0,0.970524980564,0.955907772845,0.939519786648,0.922449462819,0.904811018512,0.886222102208,0.871444547096,0.853421799562,0.836843057409,0.820197488706,0.804484812651,0.791270071573,0.773153045745,0.751376499562,0.737795763367,0.723252707669,0.711333817184,0.698139363327,0.686445545598,0.670070689263,0.657380282571,0.639965370012,0.624236544262,0.607742225936,0.591723303101,0.573675821481,0.558513160807,0.547461709051,0.531420934748,0.520986101336,0.506080838601,0.485368880064,0.469718542228,0.4555617204,0.436536797235,0.426168052401,0.408644375845,0.391991370291,0.38171486162,0.364007193441,0.334355849377,0.312565446202,0.290454943844,0.278686611269,0.254005864754,0.226957724341,0.19766973531,0.115470053838,0.0,0
1.0,0.970524980564,0.958161065301,0.941733514021,0.924831100073,0.907361012521,0.891224550319,0.874362063313,0.860268951563,0.844012993214,0.826902692553,0.809058462118,0.789020455855,0.770791338928,0.756509904325,0.739320512679,0.72104407252,0.706772076058,0.691993083892,0.674642193493,0.655936130127,0.643598757894,0.629962581918,0.616640433774,0.601316207236,0.590090002294,0.577655776508,0.561297952385,0.549330203328,0.529961220426,0.515860789494,0.504329158741,0.489994819476,0.468984597315,0.457489354057,0.442891349305,0.413184230605,0.396882686318,0.379740871725,0.364787157509,0.346218781566,0.326461690382,0.305446637798,0.282801875553,0.258187486152,0.230931957977,0.199999303657,0.163298677819,0.115470053838,0.0,0
1.0,0.970524980564,0.956124565199,0.938527226382,0.921706743335,0.908643342993,0.889498223224,0.874774706728,0.855064652299,0.838501838132,0.82054759005,0.805939449851,0.790487671016,0.772369389507,0.753254805717,0.739320512679,0.722733618534,0.703371818446,0.684379580024,0.669780922811,0.658694705221,0.642749757851,0.629670410539,0.615421987796,0.602139250527,0.589277960794,0.575868813388,0.562205286483,0.545460131209,0.527380729048,0.515257503325,0.500495700756,0.482297393367,0.46121028397,0.44515826213,0.427120028463,0.409857428319,0.398549220365,0.380097740715,0.369505227122,0.353720712632,0.334355849377,0.312565446202,0.290454943844,0.265466434837,0.254005864754,0.226957724341,0.163298677819,0.115470053838,0.0,0
1.0,0.970524980564,0.956944316704,0.937001910095,0.92578708404,0.905230293674,0.890299331104,0.875078995859,0.859386482134,0.840663435595,0.819354326304,0.804723116721,0.78762848663,0.770037878972,0.752508274795,0.739848628381,0.725062937161,0.712546325044,0.693612771769,0.67511820057,0.65637358598,0.644530386599,0.627874498282,0.616075042011,0.603439123844,0.592084299912,0.577613707012,0.559378845182,0.545599067552,0.530326193243,0.515721386018,0.499623819053,0.480962171967,0.465234348861,0.444322244893,0.435102376654,0.417831854575,0.400120919348,0.381726403627,0.361723348611,0.336635522965,0.324934371503,0.312565446202,0.301561652857,0.258187486152,0.230931957977,0.199999303657,0.163298677819,0.115470053838,0.0,0
1.0,0.970524980564,0.959464343361,0.939004243494,0.92222347032,0.906079290031,0.885862699768,0.871165606402,0.853094301383,0.83160032876,0.813121509705,0.79873834699,0.781756552576,0.769548905331,0.750408084557,0.733891200759,0.7199869978,0.705458979254,0.693201507905,0.681837514311,0.670070689263,0.653184246493,0.636853035888,0.619627988847,0.604785725863,0.590513081595,0.574792714376,0.55979156061,0.540465178453,0.52069326335,0.50911850418,0.498189554014,0.481963812336,0.471790035931,0.4555617204,0.433445189174,0.422937454447,0.405325645178,0.39524340469,0.361793027618,0.346218781566,0.326461690382,0.305446637798,0.282801875553,0.258187486152,0.230931957977,0.199999303657,0.163298677819,0.115470053838,0.0,0
1.0,0.970524980564,0.955951392057,0.938027768116,0.921910582817,0.903444023179,0.889118452183,0.872773969737,0.859732264606,0.843391423425,0.825806965982,0.813584584262,0.797386579549,0.777895586345,0.76176869052,0.74677456723,0.731948152392,0.715618243481,0.701600482709,0.684098272932,0.666385730376,0.650822720794,0.638306940912,0.619287002676,0.604935988462,0.590662482939,0.57228208432,0.555401635873,0.544711849121,0.528679947464,0.507538995725,0.488045026231,0.471106398973,0.460856373735,0.450397149645,0.436536797235,0.419504400937,0.408644375845,0.39524340469,0.37800618678,0.353720712632,0.34287296451,0.322846416285,0.282801875553,0.258187486152,0.230931957977,0.199999303657,0.163298677819,0.115470053838,0.0,0
1.0,0.970524980564,0.959464343361,0.940514112264,0.923880720684,0.907681730168,0.890023689938,0.875847426311,0.856495171061,0.842641369711,0.82373732344,0.807303577489,0.78866437507,0.774953059728,0.7570006003,0.739373557097,0.723878666973,0.705951414153,0.693654149343,0.680805772621,0.663141069065,0.649329750921,0.632230667048,0.619863453482,0.603562549092,0.591723303101,0.573675821481,0.558513160807,0.54038096753,0.524356497298,0.507538995725,0.491006541339,0.474082149746,0.460856373735,0.44515826213,0.427120028463,0.409857428319,0.390607864919,0.37187688999,0.360734960517,0.336635522965,0.324934371503,0.312565446202,0.290454943844,0.265466434837,0.254005864754,0.199999303657,0.163298677819,0.115470053838,0.0,0
1.0,0.970524980564,0.956749340776,0.939034180915,0.922492703683,0.904790692894,0.890989999913,0.87755126067,0.860958033222,0.842547780669,0.825947774575,0.80987748646,0.793367718902,0.776196608603,0.75968104216,0.743173001807,0.724642096358,0.711908850354,0.700840385099,0.683834990618,0.671951015531,0.654899478533,0.642150587496,0.627681297406,0.613800062833,0.59922455673,0.588758716747,0.571161792744,0.556979728862,0.539828811721,0.525183775846,0.514765533488,0.500848554085,0.47086182718,0.467410743625,0.449508885652,0.434437841294,0.41899963393,0.403012094761,0.385395845504,0.364007193441,0.334355849377,0.322846416285,0.301561652857,0.258187486152,0.230931957977,0.199999303657,0.163298677819,0.115470053838,0.0,0
1.0,0.970524980564,0.954953133817,0.939391957724,0.924359765861,0.907550896845,0.891370940522,0.877192994414,0.859103535085,0.840895602482,0.822137491435,0.807787785637,0.791539221797,0.778648204397,0.762559771575,0.748691893698,0.735063185897,0.719159070864,0.704340584569,0.686302225511,0.670820597998,0.658979442487,0.640373529308,0.628495702918,0.61794576459,0.602837511721,0.57990504106,0.567492457931,0.555712151165,0.542619696101,0.521215692492,0.509980978542,0.495540507105,0.48611292206,0.465043536916,0.449645233378,0.429973698994,0.414555425102,0.398162445871,0.380126035997,0.359798761209,0.340926030184,0.32127371502,0.300573435031,0.2594132923,0.2594132923,0.233445257191,0.206507929364,0.173205080757,0.0,0
1.0,0.970524980564,0.956291986904,0.937929340966,0.921559836046,0.904472922566,0.891653815746,0.874987929319,0.856074422519,0.837277375357,0.823509695096,0.808042840974,0.790261538182,0.773071201678,0.758133458946,0.741921995842,0.727127440105,0.711029832734,0.695298212067,0.682651528213,0.666750669935,0.647954085787,0.634432983899,0.621862575584,0.603439123844,0.588274945037,0.569403639763,0.554985380126,0.544045114706,0.532085302056,0.521482421874,0.507069845733,0.489971178766,0.476243860459,0.460937904137,0.441495373611,0.426168052401,0.408644375845,0.391991370291,0.38171486162,0.364007193441,0.345445831934,0.326243081152,0.306160289446,0.265466434837,0.239066802835,0.226957724341,0.19766973531,0.173205080757,0.0,0
1.0,0.970524980564,0.956749340776,0.937759550657,0.921534055783,0.906774810605,0.888227675443,0.872183898596,0.852988791256,0.834391447569,0.814401809073,0.795465099213,0.776599734605,0.76227934452,0.748190273899,0.736476120775,0.724925715787,0.710263505028,0.697259167468,0.684265818631,0.671093440657,0.65313490704,0.636282252732,0.622672931535,0.611788705939,0.597226327413,0.576878415704,0.556637594716,0.542846663898,0.530326193243,0.515721386018,0.50494744085,0.486671628438,0.474964018165,0.458923964418,0.443129519713,0.433490229807,0.408644375845,0.398779238685,0.37800618678,0.361793027618,0.34287296451,0.322846416285,0.301561652857,0.278686611269,0.254005864754,0.199999303657,0.163298677819,0.115470053838,0.0,0
1.0,0.970524980564,0.955294629678,0.939245810385,0.923794403547,0.904925601721,0.886103544826,0.87395196994,0.855086229125,0.842081585751,0.825280885764,0.810182227899,0.793150779166,0.779761676406,0.760288799218,0.742071774364,0.725582365469,0.71081757346,0.692345313842,0.676014765783,0.657983397762,0.641088179585,0.627790453378,0.611603784863,0.599731370366,0.587885247517,0.569224103029,0.557176255634,0.543387502301,0.527357893028,0.507538995725,0.49657742963,0.485368880064,0.474836861436,0.458794384088,0.449508885652,0.434437841294,0.41899963393,0.403012094761,0.385395845504,0.367932266919,0.326803154284,0.305854797291,0.283419739668,0.2594132923,0.2594132923,0.233445257191,0.19766973531,0.173205080757,0.0,0
1.0,0.970524980564,0.956081692112,0.93983604822,0.92430905707,0.905515385447,0.888730090024,0.873288724907,0.856692631818,0.84113341222,0.822834750057,0.804055166271,0.789433213973,0.77202582336,0.753169195527,0.738009548766,0.720431044621,0.705799535653,0.694720313476,0.682526629637,0.666639944008,0.64954100191,0.638650525471,0.622031863564,0.609576198013,0.593283807755,0.577449869601,0.560489132204,0.544875205088,0.528077190063,0.516035739783,0.489305201494,0.471453052643,0.461149967654,0.446766767302,0.431936391305,0.416324039562,0.400118197145,0.383107231109,0.365307513934,0.361793027618,0.34287296451,0.305446637798,0.282801875553,0.258187486152,0.230931957977,0.199999303657,0.163298677819,0.115470053838,0.0,0
1.0,0.970524980564,0.956010985615,0.937937167055,0.924224286367,0.907885122016,0.894244561679,0.876959452767,0.856974500515,0.842648063021,0.82360598276,0.807562833626,0.788662634718,0.775740436621,0.761050294168,0.74606216309,0.729195981806,0.711888742375,0.695233804649,0.679935372204,0.664414900085,0.647233076009,0.630247579317,0.617895190887,0.600448779041,0.584695388704,0.572424111901,0.558087728748,0.542319520157,0.524397309078,0.50839872638,0.493569861037,0.476657982435,0.460856373735,0.450397149645,0.436536797235,0.416335820795,0.405325645178,0.388530978205,0.369505227122,0.345846277977,0.324934371503,0.302637928737,0.290454943844,0.265466434837,0.254005864754,0.226957724341,0.163298677819,0.115470053838,0.0,0
1.0,0.970524980564,0.959464343361,0.940514112264,0.92477003296,0.90699152405,0.888706767484,0.875314181809,0.856446415084,0.841560911266,0.823091202963,0.804349615663,0.783742903365,0.764894258702,0.743705062973,0.733443451487,0.713764998952,0.704287524899,0.688699275837,0.676039604656,0.663710391593,0.650265505162,0.63372040047,0.619158773382,0.599731370366,0.581101481141,0.566147123896,0.554094421978,0.543387502301,0.523536248568,0.504591513907,0.488045026231,0.476657982435,0.46121028397,0.449928679534,0.438360054931,0.422937454447,0.411760585987,0.379740871725,0.361793027618,0.361793027618,0.34287296451,0.322846416285,0.301561652857,0.258187486152,0.230931957977,0.199999303657,0.163298677819,0.115470053838,0.0,0
