1.0,0.957762464139,0.934737353034,0.91405329402,0.892804337851,0.868519733711,0.851787887353,0.832131778925,0.810365661923,0.796949718725,0.774684048981,0.753046338063,0.743626901469,0.718644959234,0.710882280433,0.686221466421,0.663595323786,0.652467658114,0.647013171635,0.620718984099,0.60649235011,0.585430622985,0.564013338721,0.547208794947,0.535408238176,0.533030496063,0.522233994721,0.523939329246,0.486973918865,0.471461891802,0.439813732606,0.429370426031,0.406144516448,0.407360871355,0.412599185767,0.390292102885,0.366878010378,0.3731368349,0.364020955731,0.362221413068,0.329599196915,0.323588828691,0.326408588684,0.320823807809,0.287330459386,0.289973628415,0.271558026993,0.276371849741,0.25260017358,0.220539840957,0.229115900357,0.166666666667,0,0
1.0,0.957762464139,0.934737353034,0.917964515393,0.901906430472,0.877747800582,0.858619059779,0.836897838496,0.818623779986,0.797117211626,0.772932557126,0.746028700932,0.731893501165,0.706152956002,0.685631613062,0.669777670867,0.659231987817,0.656281357962,0.644284908817,0.624968163085,0.610898798699,0.608946386507,0.587065298142,0.577226735113,0.562481602568,0.551851996202,0.533734553491,0.507455868952,0.487290063777,0.473304461933,0.461103287663,0.452833328097,0.436679394702,0.428315870742,0.417483322388,0.394171570498,0.390473336076,0.386856766789,0.373841988243,0.37938902584,0.371597980497,0.353268427931,0.329393108299,0.316605306866,0.319982846245,0.322563661464,0.288341623683,0.258593910286,0.2319252827,0.230511767872,0.231413929642,0.208268836477,0.216819246264,0.229115900357,0.25,0
1.0,0.957762464139,0.934737353034,0.917964515393,0.897717913205,0.879231092398,0.857278705977,0.835990688495,0.815071333162,0.792836972835,0.774062100664,0.749534001025,0.734636855643,0.708273730888,0.693952103703,0.689457071489,0.679861032851,0.670465192489,0.658921731936,0.652868031922,0.64030285826,0.620700464604,0.607077132412,0.585212556067,0.57651610182,0.559373047218,0.541246393957,0.521735812913,0.517500523833,0.48777173805,0.483048670165,0.461358694277,0.433532927998,0.426476219177,0.412116589941,0.396611902346,0.401567637076,0.376241911883,0.376825382586,0.371603852632,0.336035164794,0.311943945445,0.314065604758,0.318111064347,0.307419926478,0.29111885217,0.295857862266,0.249059229402,0.248978357946,0.255997510417,0.237678808696,0.229115900357,0.166666666667,0,0
1.0,0.957762464139,0.937802910283,0.919733038274,0.896346502301,0.884558868357,0.859467840511,0.841499515644,0.826214066973,0.802702491739,0.783433214922,0.764043908139,0.740818925752,0.730904532652,0.710828711884,0.695944323621,0.674868931874,0.669518407378,0.663522171946,0.639462023794,0.619665900995,0.604439267289,0.589618138402,0.581408177814,0.552095099675,0.540611861953,0.52805866378,0.502661625863,0.483070110462,0.477845568973,0.463673010462,0.450163445652,0.425627599596,0.418093628969,0.407634136517,0.403760750054,0.400736294913,0.389835176621,0.35906282753,0.356486389145,0.352298681704,0.322956337906,0.311411596045,0.316550235581,0.297544868065,0.275784167791,0.259300426861,0.206979201043,0.208268836477,0.216819246264,0.25,0,0
1.0,0.957762464139,0.937802910283,0.917964515393,0.899774293307,0.883349138327,0.863179671784,0.848521076395,0.830610332685,0.817091871116,0.803149109224,0.787020810515,0.762321406992,0.740735843388,0.726397539967,0.711628522241,0.694657731153,0.685227620442,0.667659348003,0.654731067394,0.647136033538,0.639576161581,0.625671930668,0.610895129617,0.595953434321,0.564635293213,0.546873241806,0.543284164433,0.531613924578,0.511790185709,0.484674636874,0.461589945744,0.436794546548,0.425606377234,0.424642179656,0.389710559128,0.385825686396,0.371788006522,0.367146235641,0.371357676367,0.366572998318,0.360975614174,0.353216889276,0.344690106939,0.335882736609,0.322734056845,0.326930711854,0.292907288746,0.27351156604,0.256508295598,0.259919042062,0.239393952031,0.248551355875,0.234243555417,0.229115900357,0.25,0,0
1.0,0.957762464139,0.937802910283,0.918160969811,0.897563130136,0.878328728138,0.854845367392,0.831088533009,0.814940792087,0.796561627585,0.776116484623,0.75726079015,0.739001906967,0.708779897074,0.695836914816,0.674360106327,0.657818699009,0.641486556418,0.628496250061,0.615870625372,0.604789697226,0.582781643081,0.559026386896,0.542137757169,0.510274624354,0.505911301153,0.493500760459,0.472593212126,0.444010385974,0.429292558,0.405698061119,0.395629387067,0.391173043888,0.390854186833,0.389436761546,0.386696612057,0.382695758553,0.3894597778,0.385456328764,0.390289787531,0.357083798618,0.354419047943,0.345751521171,0.335593169415,0.309711127163,0.310652045293,0.29569420855,0.299440926104,0.303857907396,0.259462142075,0.233426115046,0.242034258321,0.212999765331,0.25,0,0
1.0,0.957762464139,0.937802910283,0.910439523743,0.890244382522,0.873828149781,0.856631701481,0.839088241256,0.818094171202,0.798150477902,0.775285736914,0.762117879822,0.741555465975,0.726974875183,0.712972357015,0.698233427521,0.693511137385,0.687773788732,0.682700841795,0.665219298398,0.646626287049,0.628835398058,0.600764271877,0.584910507427,0.560720458231,0.55074109253,0.523867746357,0.511656420013,0.506469203052,0.487094729076,0.473601502495,0.466472913172,0.450951436599,0.425387900338,0.408494391385,0.404409634052,0.379450482487,0.375910013379,0.370610284593,0.363630466019,0.342552564932,0.310816115703,0.300050823833,0.28679573796,0.276285020956,0.276670298912,0.255459373535,0.24949708387,0.261673199979,0.268958693998,0.254843622942,0.271560756424,0.284965963194,0.248728594717,0.25,0,0
1.0,0.957762464139,0.934737353034,0.913072375181,0.890244382522,0.877561223696,0.860419090673,0.842891939232,0.818830211375,0.807362841753,0.789600871001,0.765448898201,0.745844941859,0.727139909846,0.70731985627,0.692853797677,0.678917111521,0.653499000497,0.647797345262,0.647291057956,0.64059935438,0.627120427928,0.606320832726,0.590193287189,0.57410734295,0.556482739428,0.536888177568,0.526918479927,0.514917651383,0.494464062233,0.472539818362,0.456166906368,0.449222574381,0.43687376465,0.433534037518,0.410202233709,0.406021788796,0.397842097843,0.374735532655,0.356333099118,0.335899448765,0.32809834394,0.302634492008,0.305927730708,0.292711550359,0.294397947564,0.274138183515,0.249199469134,0.233144145364,0.208939700455,0.210594043153,0.215866806681,0.185880415618,0.180163950816,0.166666666667,0,0
1.0,0.957762464139,0.935254499606,0.911162146721,0.894126553458,0.879190704571,0.855615560703,0.839036919358,0.823687636913,0.806298542489,0.783854974572,0.759142985453,0.735581161569,0.726587704707,0.711259438772,0.707852802107,0.684707742422,0.663057917837,0.639168613237,0.625713172005,0.606291105445,0.5846476171,0.577032436069,0.560427484079,0.549544235877,0.530550642207,0.5118300754,0.499355503063,0.501663835152,0.473594278618,0.467580010875,0.451472176294,0.434668693731,0.409289447367,0.386119778559,0.382122212541,0.363930578258,0.355159890973,0.334345785243,0.311388539812,0.301808107123,0.290352089941,0.293802856358,0.279105398501,0.274659378841,0.265959439186,0.250971666325,0.262937969581,0.273910233926,0.284965963194,0.25,0
1.0,0.957762464139,0.934737353034,0.913244946123,0.888414108968,0.870404552173,0.854203150545,0.831899549363,0.809096851088,0.784248210547,0.765551250658,0.758106721112,0.732737461319,0.705246912159,0.696289057694,0.674761399515,0.658069936286,0.640587638822,0.620926071558,0.61449411519,0.607808124439,0.592481256475,0.591637191018,0.576353232897,0.5601361241,0.557304990917,0.538989183827,0.519820693433,0.49479146207,0.473679390937,0.443464270214,0.427925893565,0.419297664932,0.407123290523,0.395002100428,0.379230469048,0.366990739247,0.37306866285,0.366635288119,0.357064328968,0.336675082009,0.327437555618,0.318059450305,0.29112113506,0.291447618433,0.291359278055,0.29286671437,0.287213318378,0.261217533216,0.258237604692,0.267696012687,0.254936914668,0.267878658258,0.288825209127,0.229115900357,0.25,0,0
1.0,0.957762464139,0.934737353034,0.91405329402,0.900529193602,0.882813223496,0.864328954336,0.846201957264,0.828198880599,0.810855520043,0.797083581898,0.771971320524,0.744439535944,0.719193680263,0.698567682634,0.682632627318,0.683098106039,0.667256275848,0.650310943333,0.625800313813,0.605178650361,0.602998432677,0.596320183066,0.582130325393,0.578730070846,0.568912218005,0.551261914542,0.540740994949,0.505976312792,0.487417398963,0.472052636958,0.459640534067,0.451183497368,0.433836112725,0.416577143521,0.398028013733,0.388713308742,0.361878151948,0.357778275961,0.338736469235,0.338786230118,0.332018362411,0.335051091741,0.32419223829,0.31040909873,0.27986993578,0.262054915853,0.259898890149,0.244086730825,0.267878658258,0.252912632362,0.229115900357,0.25,0,0
1.0,0.957762464139,0.934737353034,0.91405329402,0.895016042653,0.874101766039,0.852882247689,0.834373604579,0.81571550096,0.805983033005,0.788866412312,0.77585840278,0.756943666231,0.741881885184,0.72908306727,0.708996751899,0.686597920823,0.682650957881,0.672469391002,0.653960723834,0.634750768494,0.620260831218,0.618953115778,0.61860486533,0.597609456664,0.580797817468,0.557513664393,0.56008483443,0.524408517232,0.517868903392,0.483569372275,0.466629799371,0.443526141233,0.418099077718,0.417824544616,0.385154276103,0.37057925862,0.37684753349,0.37074202318,0.366159893823,0.350077488767,0.342502167579,0.333194670724,0.308992442887,0.313211172813,0.25527270286,0.254031008033,0.254378779357,0.23363895503,0.240238794999,0.242656919966,0.25260017358,0.216819246264,0.25,0,0
1.0,0.957762464139,0.934737353034,0.91405329402,0.893380947353,0.875814268235,0.856148276588,0.839178697244,0.821195549021,0.804185504332,0.786165816157,0.772131265837,0.75333377164,0.737908378009,0.723307795438,0.708122585342,0.703723017946,0.692973450775,0.675309902264,0.658055956259,0.638350232174,0.618036113634,0.590164585249,0.581562095574,0.56524230709,0.542365606929,0.524625741538,0.497054654351,0.474558268631,0.446569866322,0.428546231124,0.413559165975,0.399801907885,0.387627343402,0.357468554026,0.356224674244,0.335993801486,0.328766954931,0.316994402356,0.321522233132,0.309381109429,0.310977727062,0.295313964629,0.278495149036,0.25532335724,0.242831736448,0.245894833155,0.256622354396,0.234243555417,0.166666666667,0,0
1.0,0.957762464139,0.934737353034,0.91274500813,0.897563130136,0.87924561244,0.863009021117,0.84178653484,0.821043622076,0.798314185485,0.783201872665,0.764790839369,0.750954125153,0.730085000865,0.716455811615,0.706366816566,0.690311428266,0.679400209512,0.673543647702,0.661828784906,0.655794502802,0.643432499496,0.629608011956,0.607228161692,0.583809165324,0.573432465777,0.555404255275,0.528334904111,0.516637078589,0.487268997925,0.456622097277,0.43203901522,0.425614362244,0.405926998722,0.377908541398,0.373581584814,0.378011494817,0.361854084651,0.347071043417,0.337184500245,0.341425938747,0.321644385939,0.311774407833,0.313487663028,0.304779594887,0.291926791951,0.292058675035,0.277824072801,0.258039336907,0.257012231835,0.231383763985,0.251989713448,0.226819764172,0.234792533411,0,0
1.0,0.957762464139,0.935254499606,0.911162146721,0.88773027729,0.869242935536,0.857348335451,0.838459977688,0.818306220816,0.803363476225,0.786916782867,0.768993983789,0.748604683826,0.727560536636,0.723847563163,0.704790493973,0.694667791495,0.688894576501,0.676954971541,0.659303914136,0.652970661778,0.627091501857,0.619720442955,0.603791338511,0.589072094065,0.565084662596,0.55434208516,0.535551069987,0.51689604896,0.504240827739,0.482290977379,0.467335944675,0.453808959813,0.437977261811,0.43845559584,0.437301940075,0.414193445336,0.401134767587,0.387286253119,0.393936675083,0.3847717447,0.356777818687,0.336156364263,0.312562669141,0.30254714514,0.306913849662,0.290617937954,0.292965546611,0.274535484689,0.260004318653,0.235428267663,0.241616350594,0.248551355875,0.220539840957,0.166666666667,0,0
1.0,0.957762464139,0.935254499606,0.915754444322,0.890744171133,0.870404552173,0.854480395838,0.834377031878,0.82238482957,0.810117208123,0.784809985458,0.762423488782,0.747440499732,0.727328897038,0.713931836524,0.697682258171,0.677166497085,0.66865177265,0.657475030954,0.646442312195,0.644760286719,0.62326344359,0.62392464204,0.601668983697,0.596983047619,0.573581956764,0.547070720558,0.542741479566,0.52396339107,0.487704126449,0.48050808277,0.44958997011,0.441449501591,0.442904869111,0.433302577981,0.429564177783,0.418209944198,0.404396723402,0.384554398044,0.379882541648,0.386052302589,0.377223589057,0.342691637104,0.31952068201,0.323217530256,0.310245510055,0.277628611096,0.274659378841,0.254947130648,0.240783713694,0.243461122446,0.212999765331,0.229115900357,0.166666666667,0,0
1.0,0.957762464139,0.937802910283,0.910439523743,0.888382648119,0.867355365061,0.857145850674,0.832810764469,0.813611652558,0.795822688863,0.779191932473,0.756424226739,0.747105576487,0.727041355983,0.716745167448,0.700470986167,0.680840016628,0.660195587518,0.648385003805,0.629125875455,0.616325185423,0.60194298929,0.579900429725,0.563548574054,0.546186035106,0.529038922313,0.510864542857,0.491856084512,0.477537311102,0.456370606539,0.449412550134,0.442887444647,0.425717674683,0.416088557428,0.422302816854,0.414950605092,0.390288156611,0.394978153265,0.390455085461,0.370739664321,0.366943648988,0.356356985773,0.359980379831,0.351160891461,0.324541867178,0.292577659697,0.294774233828,0.279788157544,0.280610098549,0.258589817858,0.270232893347,0.283892441418,0.267878658258,0.288825209127,0.229115900357,0.25,0,0
1.0,0.957762464139,0.937802910283,0.918160969811,0.894289604036,0.875496959889,0.855342539997,0.834075878222,0.812246470314,0.784826652133,0.763047643513,0.74378934657,0.721780645272,0.696754246919,0.681890518941,0.67707734803,0.66646611752,0.653501577814,0.634964952434,0.621733453242,0.615204982892,0.613220730241,0.60493637382,0.589958299319,0.581550000896,0.572203113966,0.562994363555,0.543006575983,0.547959016275,0.528206483231,0.506306668366,0.486190121937,0.46150920029,0.438396878979,0.426685667788,0.406247744846,0.383020801418,0.383229596225,0.373948271281,0.343196330464,0.334808868408,0.339630159204,0.34271957616,0.322965849283,0.294670214131,0.297246592821,0.299356757411,0.284187991515,0.261697474426,0.264882601835,0.244463372847,0.254843622942,0.229115900357,0.25,0,0
1.0,0.957762464139,0.935254499606,0.907192969748,0.894962858871,0.87712099077,0.856259569653,0.833937528499,0.819305521691,0.797243669644,0.778597054038,0.760334666377,0.750587277859,0.730995817021,0.722145994413,0.700430075653,0.684902459751,0.667806839062,0.651353606899,0.63921926891,0.619456284273,0.611394795905,0.603505231519,0.578673747693,0.561633933635,0.543148852403,0.524760392456,0.498064442034,0.48558697524,0.471764406991,0.455694080617,0.429974727776,0.414299497947,0.396497717092,0.399369721477,0.38593942912,0.377463994862,0.384330668202,0.382146804139,0.38876259346,0.384680603831,0.349911686698,0.316695005113,0.305779009355,0.29460793188,0.256969935196,0.255764364134,0.26480271463,0.252473765201,0.223492850615,0.234243555417,0.229115900357,0.25,0
1.0,0.957762464139,0.935254499606,0.911162146721,0.897401782964,0.878954757953,0.860210497548,0.843699696229,0.832075228726,0.80638168711,0.786989872689,0.769703468869,0.749390351194,0.729163052101,0.709165725543,0.694109103199,0.671330940906,0.659947808741,0.642874960666,0.629251303168,0.623390609934,0.602649529575,0.580660542856,0.557221789189,0.547777356656,0.522773785063,0.502813423557,0.483995209403,0.462521630003,0.448887348572,0.434588792461,0.417683021825,0.401021187245,0.381808446947,0.377936573449,0.363549029494,0.358086220833,0.352003527203,0.334456232873,0.324687101369,0.316200776999,0.320061864349,0.323512814633,0.315944370764,0.317424357322,0.322405667287,0.310621459749,0.298030783598,0.299919760889,0.300952650033,0.272800440983,0.259653496632,0.206979201043,0.216819246264,0.229115900357,0.25,0
1.0,0.957762464139,0.937802910283,0.918160969811,0.894126553458,0.881718440372,0.858080584534,0.837420305666,0.821968759087,0.799843774082,0.776931926186,0.752287303067,0.737229366912,0.722937330899,0.706844060569,0.687155789693,0.671224237664,0.654849900566,0.648476835272,0.645938928002,0.6392927296,0.627341212094,0.606695803838,0.583988406114,0.562395686007,0.564540320768,0.547869089339,0.528250589107,0.523559583698,0.502753235391,0.497775267176,0.491316876368,0.484627838573,0.469980015873,0.453867941192,0.448778469405,0.438558360522,0.427625659518,0.418786754066,0.402345518692,0.386538105061,0.368422237251,0.373249403241,0.35246450297,0.34297144648,0.337679903215,0.340887859206,0.329095595782,0.316008102388,0.300476421471,0.284519964986,0.265632339934,0.248551355875,0.212999765331,0.229115900357,0.166666666667,0,0
1.0,0.957762464139,0.935254499606,0.918160969811,0.894126553458,0.867800579129,0.851735069992,0.836195581837,0.819729135926,0.797621562207,0.780547923267,0.757449260851,0.741672517458,0.72131547992,0.701595766612,0.686270219492,0.675480645849,0.658654374101,0.647118571582,0.647398686793,0.634856751195,0.622331266215,0.606760417843,0.604980614871,0.602773154425,0.592646068767,0.577087731075,0.54486796312,0.526598197089,0.512879864284,0.483193316997,0.451462470396,0.436541990775,0.437151338044,0.418047712249,0.405914933307,0.402370674099,0.409341962503,0.383553578945,0.363993059165,0.359294675681,0.351922216015,0.34462298747,0.337868677635,0.308313680889,0.292392455199,0.273820256756,0.253398624489,0.242656919966,0.248551355875,0.226398779382,0.234243555417,0.229115900357,0.25,0
1.0,0.957762464139,0.937802910283,0.918160969811,0.894115363554,0.879480745214,0.86238981354,0.84386920864,0.826972590671,0.814425151933,0.801169406343,0.7820118593,0.767497672119,0.747813986331,0.745781331861,0.725727857221,0.709383726441,0.700114957313,0.688721487188,0.677649752352,0.671447417514,0.65208306308,0.638661369755,0.638006679635,0.623204550431,0.606224950326,0.590614370049,0.58093910574,0.554029262041,0.535432356746,0.514683354957,0.501727474548,0.471888285361,0.454521660259,0.428721953448,0.427370193445,0.434885936351,0.431887369715,0.433322879993,0.438247630067,0.42123023923,0.428786345557,0.423480595707,0.420011727042,0.385890748418,0.38240744158,0.357963786031,0.328621813611,0.299064531013,0.298870424971,0.301332691225,0.292731877572,0.283892441418,0.254843622942,0.220539840957,0.229115900357,0.25,0,0
1.0,0.957762464139,0.937802910283,0.918160969811,0.894115363554,0.879480745214,0.858325829136,0.832601954411,0.818497567643,0.799870364871,0.777771488577,0.754281157522,0.73439385366,0.727579649146,0.718951069124,0.719503307837,0.69948043718,0.67759113757,0.665500480721,0.654267742014,0.629981969024,0.62874960319,0.620555023453,0.612125963411,0.595671791847,0.586508602126,0.576597361679,0.574270183488,0.548477999462,0.53587783154,0.531248120214,0.52641169811,0.505363772726,0.464810662413,0.438424335494,0.444589058891,0.416998156764,0.415278683811,0.420836941926,0.395483965958,0.391685327522,0.376340495575,0.378029429457,0.383364685211,0.341818940579,0.330493520568,0.294958799209,0.280454106405,0.257739465572,0.260431472042,0.241038954951,0.250317855254,0.262123992517,0.281189845643,0.234792533411,0.248728594717,0.25,0,0
1.0,0.957762464139,0.937802910283,0.911162146721,0.897401782964,0.88220412072,0.867775168007,0.847027907285,0.824541302675,0.804828341549,0.780844107766,0.768522008638,0.749682715037,0.743463786107,0.718081432915,0.698148288571,0.682012668231,0.665728505533,0.657098509676,0.647740087732,0.62778562416,0.62287364319,0.60860731254,0.596336377395,0.58137576068,0.563052278085,0.54399250957,0.509453538243,0.494947269049,0.48898230672,0.457742343715,0.434095795754,0.410292802044,0.417506036539,0.415283040022,0.391898977081,0.378987770239,0.374772992742,0.371360656598,0.350288671503,0.356115004489,0.347502067572,0.324331699662,0.288311363833,0.292183581001,0.234328516422,0.231957666675,0.233230608707,0.241918136466,0.212999765331,0.229115900357,0.166666666667,0,0
1.0,0.957762464139,0.935254499606,0.915754444322,0.893714657072,0.873657862569,0.851026745045,0.830011189062,0.808088221359,0.783364184495,0.759979242727,0.735717339891,0.721320844273,0.713235043975,0.691572355749,0.671192529484,0.660682066983,0.653140940957,0.623400056472,0.604985785277,0.583353930336,0.566637205621,0.570950613533,0.559477901112,0.536276081447,0.517400624573,0.50574364806,0.492592774445,0.460858580945,0.429167617048,0.404187483525,0.385048435181,0.372681306064,0.376137765491,0.38405299388,0.366643050737,0.360659206035,0.36666005762,0.370397930066,0.353076572338,0.336809756253,0.323973368704,0.312671765578,0.278021450888,0.274826737007,0.274285462968,0.260657516959,0.239662635115,0.212999765331,0.216819246264,0.229115900357,0.166666666667,0,0
1.0,0.957762464139,0.939081109888,0.91976436074,0.901906430472,0.88546813538,0.863461904447,0.838098376808,0.81671788223,0.797294082107,0.777994711525,0.763460656528,0.743923527646,0.736580940311,0.707838166384,0.704022979857,0.688185814732,0.687773101909,0.681940067973,0.663229510981,0.657195423437,0.63217506139,0.617206880825,0.60834028258,0.594308380403,0.585357259167,0.568622746016,0.557782242476,0.532540426598,0.527606132181,0.506187960617,0.476065986212,0.462038888572,0.445989750477,0.438374619669,0.437744704821,0.431004467167,0.429724593336,0.414485359932,0.374686541891,0.379498866132,0.361174604153,0.354567597737,0.350636241821,0.30738359275,0.309895629832,0.308896888482,0.31236241202,0.297857123443,0.302269407047,0.256670965565,0.259935657539,0.274346944406,0.248984758283,0.226819764172,0.234243555417,0.229115900357,0,0
1.0,0.957762464139,0.934737353034,0.917964515393,0.901906430472,0.879231092398,0.861983648138,0.839949621188,0.82195327975,0.805367467232,0.782064945427,0.762924249274,0.742856721304,0.718109515645,0.702139186308,0.681438218862,0.671368771631,0.659589356121,0.651412415687,0.64569015544,0.632007389449,0.612000038201,0.596959590696,0.588106547991,0.566050857096,0.550531503522,0.531784485042,0.533812188838,0.5132575469,0.482401261265,0.467973846297,0.462691788597,0.454589035618,0.446240242432,0.430187675783,0.41897304852,0.40774199903,0.390696032011,0.385843971956,0.381378956823,0.376007309745,0.380544685446,0.358623600043,0.333258031452,0.291530994252,0.292729173769,0.277558977896,0.259268659556,0.229211681434,0.242656919966,0.245507783064,0.226398779382,0.234243555417,0.248728594717,0.25,0
1.0,0.957762464139,0.935254499606,0.911162146721,0.895522481361,0.876825284736,0.859157547707,0.844388411774,0.826743038709,0.80250075189,0.793590745837,0.769865883614,0.744656988122,0.718375071656,0.708660069545,0.698372322654,0.687687939102,0.664148315368,0.640921851944,0.621295533652,0.60764423962,0.593796361027,0.578322891717,0.556656609967,0.547181390301,0.543598061251,0.538643879083,0.528283427587,0.516443243903,0.504107862331,0.49027459689,0.474931032755,0.468777280405,0.452313226889,0.443499076136,0.432888482134,0.420991773801,0.39930582989,0.369241307637,0.358116064595,0.366563983192,0.343902869994,0.33510981649,0.323079216979,0.310195264865,0.297431040783,0.299099762915,0.260707630339,0.258004188113,0.23932200945,0.237678808696,0.264408405899,0.216819246264,0.229115900357,0.25,0,0
1.0,0.957762464139,0.939081109888,0.919733038274,0.901565786257,0.877524963156,0.858295325834,0.834129510372,0.813049750304,0.804059132823,0.795710114727,0.770714870994,0.746345175674,0.719677874459,0.70993374925,0.707254775368,0.68621617246,0.669448863603,0.663944256095,0.656936418681,0.631089113765,0.629289412497,0.621876573296,0.601381885696,0.585869560595,0.584200645466,0.573806466097,0.55117785875,0.53110301439,0.521176625665,0.493247163745,0.47803156771,0.477741880005,0.462535361972,0.437279199642,0.426988249438,0.413649397837,0.401185110604,0.386952738925,0.382323237373,0.365377767432,0.36039045887,0.337091050133,0.313663869065,0.306139167905,0.309887547576,0.310215742119,0.29361743706,0.280878195103,0.261450523655,0.259919042062,0.241616350594,0.249517472332,0.259261100349,0.229115900357,0.166666666667,0,0
1.0,0.957762464139,0.934737353034,0.91976436074,0.895193750807,0.877258365373,0.860593617643,0.84174778012,0.823892092325,0.805560130936,0.787337197026,0.764001731358,0.738917160383,0.718436429951,0.703872600132,0.687912261904,0.677557596297,0.65414018784,0.635539880283,0.616588655698,0.609974342073,0.613132523371,0.593008553657,0.570908865324,0.553597299454,0.52864393906,0.509543717746,0.496510690993,0.492000580797,0.486851585539,0.481009785407,0.466886519695,0.450306860872,0.442147551347,0.435559214823,0.413736352854,0.41163408045,0.402991602136,0.409737085374,0.406256020362,0.377721604819,0.354180534375,0.3464869509,0.327899936561,0.329490516996,0.318433182596,0.281174984855,0.257865442493,0.248826796369,0.262123992517,0.281189845643,0.234792533411,0.248728594717,0,0
1.0,0.957762464139,0.939081109888,0.919733038274,0.901565786257,0.881967014446,0.863009021117,0.840752391428,0.823224261281,0.805131868484,0.790465016904,0.775981466012,0.754951924907,0.745915471657,0.719252401331,0.699126721821,0.687993138552,0.671044923843,0.658597809442,0.639386882441,0.614603593645,0.592450728395,0.584458131049,0.569646994522,0.559969006736,0.54241314526,0.539115155593,0.527756714373,0.515919208444,0.50323953175,0.484676965428,0.470312788802,0.446000595667,0.420273963293,0.418807389342,0.417979638605,0.413408264242,0.420832195025,0.414701414532,0.411618414827,0.406917570901,0.392730639744,0.398255099706,0.381924540064,0.358593326071,0.352337458525,0.326103646519,0.295032426962,0.275933125793,0.252971110915,0.236392147634,0.230325122748,0.23682553325,0.248551355875,0.226398779382,0.180163950816,0.166666666667,0,0
1.0,0.957762464139,0.937802910283,0.917964515393,0.899742550739,0.88019572934,0.855705338802,0.838646946077,0.81595715089,0.797694306308,0.772104581234,0.753456119998,0.73453814877,0.724173499135,0.708616772214,0.697067530237,0.684855419512,0.673232986058,0.655196724607,0.637258139343,0.631805468447,0.609576445983,0.594883418983,0.571398533609,0.555660039637,0.538142985651,0.510829861239,0.513675380007,0.501392067979,0.464726380828,0.456905557131,0.44926120133,0.411814385719,0.408078009037,0.372871287443,0.366425616757,0.361382457775,0.365506979523,0.356453871811,0.350632896547,0.342792344227,0.333999247729,0.307349702129,0.294102457784,0.279198847515,0.259555538364,0.25864639399,0.228071037382,0.232521980653,0.239743405568,0.251989713448,0.226819764172,0.234243555417,0.229115900357,0,0
1.0,0.957762464139,0.937802910283,0.919733038274,0.901906430472,0.883209841152,0.869547991171,0.848465915729,0.834074324358,0.812471676766,0.790145569724,0.77012788699,0.744976158064,0.725073849978,0.715596873273,0.705684723695,0.695096000022,0.67195585474,0.648440990186,0.645465586193,0.625686756274,0.618925574599,0.598772622508,0.596927824024,0.588271623745,0.577935514092,0.572951371995,0.561614362688,0.556873623537,0.544890313404,0.540223063046,0.527943043941,0.521838390703,0.490663441671,0.481979880735,0.483466341319,0.492904966706,0.461636571222,0.440190609436,0.43274265498,0.431253417212,0.420432029557,0.416943892785,0.394258330757,0.386496759432,0.344354658419,0.297582943851,0.301202885884,0.274842926929,0.259697081923,0.265959439186,0.278740364872,0.291696159221,0.26488655203,0.234243555417,0.248728594717,0.25,0,0
1.0,0.957762464139,0.927385303529,0.913072375181,0.894988235578,0.87791179463,0.853422834018,0.838336290468,0.817744911221,0.798948229366,0.778442034807,0.759596194265,0.738715628605,0.729270160414,0.715785443646,0.712406558728,0.70525906149,0.689713997331,0.672532456929,0.653895089049,0.647679141547,0.627644749839,0.620089154174,0.59690869481,0.576282398689,0.551717981823,0.533371160666,0.515171076299,0.492888413091,0.47205542059,0.449752810091,0.433354798786,0.424011282462,0.431206988136,0.38533628378,0.376534193517,0.367489576198,0.377635815785,0.368865016569,0.362116312756,0.366850648715,0.344057763775,0.323813412766,0.329620985414,0.319370059924,0.301479252109,0.258174138331,0.260657516959,0.264547709944,0.25260017358,0.216819246264,0.25,0,0
1.0,0.957762464139,0.934737353034,0.91405329402,0.892820668673,0.877547473474,0.853183813315,0.828676910238,0.810998355765,0.795003581545,0.7706466136,0.746847617057,0.737893549822,0.71780667065,0.703437102098,0.69386801783,0.676670738432,0.653947812036,0.641617027392,0.628573132405,0.615373583042,0.604562558773,0.582042689432,0.571459636958,0.555162244327,0.538940268965,0.527847527176,0.508695692104,0.495310203001,0.473305219035,0.45202307361,0.433365090119,0.420131457702,0.410143407122,0.408350072478,0.395309492919,0.380254700699,0.374923110268,0.368077759095,0.375224539313,0.358081554247,0.363437959635,0.354730155676,0.315370384284,0.304737580989,0.296657787145,0.279202858046,0.279469875642,0.256485838257,0.238940985048,0.249514466052,0.254830217199,0.271560756424,0.25,0,0
1.0,0.957762464139,0.935254499606,0.918160969811,0.899234794954,0.877717259659,0.859247754652,0.837418582843,0.820933629495,0.802970399716,0.780611725484,0.769888151673,0.747766688799,0.727427566291,0.728221336055,0.71232465202,0.697716757794,0.675337529509,0.663446011336,0.640244643521,0.627510093586,0.613209283123,0.605444199038,0.597402797105,0.567898742338,0.556842519741,0.539734671518,0.521837683764,0.501377027229,0.48700677068,0.465445387088,0.459101941067,0.442582559829,0.415286366311,0.399509232634,0.388066387464,0.393739417387,0.380678217728,0.365496442801,0.372300021599,0.378333824218,0.359847518233,0.353364992928,0.340447412677,0.346862063702,0.336805371761,0.32326072208,0.294166179893,0.289075004625,0.277078023635,0.275674510685,0.274212412501,0.304181311657,0.300476706015,0.27571403166,0.25,0,0
1.0,0.957762464139,0.937802910283,0.91976436074,0.89893682786,0.881479507064,0.867843341079,0.840033367864,0.815866208307,0.805301347626,0.785857947361,0.772153848658,0.753088774458,0.732041415267,0.719640059538,0.701829253548,0.692464960586,0.680287431284,0.670540270429,0.658679346866,0.657368434943,0.637202315114,0.624814359446,0.611666849199,0.596305474712,0.579571245386,0.569605040217,0.535131399228,0.523554759977,0.518502894677,0.491494327976,0.486342118669,0.460085472532,0.454265882375,0.428366010008,0.441458938493,0.409793889282,0.394521459407,0.38825356956,0.383174834063,0.361444455625,0.369570528102,0.366071667892,0.341382723189,0.313034072792,0.298177041178,0.301006905781,0.280869953364,0.250421673425,0.248551355875,0.212999765331,0.229115900357,0.25,0,0
1.0,0.957762464139,0.937802910283,0.911162146721,0.895204041801,0.875892299567,0.858604723377,0.848341024527,0.828102727724,0.811876298213,0.799770863639,0.776861239928,0.757116283135,0.736841046331,0.723350922446,0.709294664308,0.687550263462,0.670825145404,0.647154587736,0.637870475047,0.61774628567,0.587587975627,0.585662568902,0.58495867721,0.576595398419,0.553190601157,0.533320124579,0.529110866639,0.524585158249,0.511982568266,0.491402753399,0.485365222617,0.488799243531,0.473105636478,0.444822831098,0.427925262119,0.42641453547,0.424616517781,0.43335494955,0.419650399076,0.415247970638,0.39583260508,0.380615888651,0.36025275268,0.336613347336,0.305690912299,0.309169962205,0.277862231069,0.257830487683,0.268958693998,0.252536211118,0.262123992517,0.226819764172,0.220539840957,0,0
1.0,0.957762464139,0.935254499606,0.91274500813,0.897563130136,0.87924561244,0.856602876444,0.835798586864,0.812448903149,0.793969699397,0.773919070599,0.755113931388,0.745717217622,0.72462346297,0.709428693504,0.693248196977,0.683329880657,0.671399365889,0.659491393741,0.642179057745,0.623834985889,0.609774213411,0.601447920743,0.578707939778,0.555081867339,0.545142051835,0.512017504322,0.499880877928,0.487826768475,0.466423630813,0.443687374629,0.435375664449,0.409361565716,0.383384839456,0.373256738642,0.36884981222,0.35174310258,0.344023706265,0.338507359727,0.33079744997,0.321812880296,0.300848443982,0.304025437669,0.307099475104,0.279273852957,0.25824956985,0.236670276446,0.231773170193,0.231121926537,0.248551355875,0.223492850615,0.234243555417,0.166666666667,0,0
1.0,0.957762464139,0.937802910283,0.91976436074,0.901933746779,0.88285172332,0.864259597314,0.845181011135,0.831063384347,0.809030148419,0.787030456432,0.768276154151,0.75765644132,0.736713625247,0.723374743232,0.708453017572,0.708745962947,0.691460138451,0.675255800524,0.669332229974,0.650939786504,0.637869805799,0.617177456159,0.595897188795,0.586804481188,0.569723556086,0.560311853286,0.548813461412,0.545614288604,0.533321577631,0.519809959066,0.506851957645,0.49399037837,0.46285828799,0.437971959043,0.426160419302,0.432979352847,0.43208721385,0.418910605725,0.388385839823,0.371689713011,0.35325960517,0.346555471207,0.351172631935,0.358041193456,0.346182386355,0.337021215297,0.342153802397,0.330282547724,0.332398006082,0.296133624184,0.280077556967,0.261673199979,0.268958693998,0.245507783064,0.259261100349,0.180163950816,0.166666666667,0,0
1.0,0.957762464139,0.937802910283,0.918160969811,0.893360773718,0.878761410325,0.857160211949,0.844211138244,0.825042310755,0.806571252982,0.794399690328,0.776381378602,0.752211761075,0.72704674769,0.713310090181,0.692887333215,0.671213481698,0.668182563607,0.656758790935,0.636966185885,0.623144139649,0.610605458212,0.587950404409,0.579185852717,0.562137147173,0.544055910034,0.532036395819,0.506518888704,0.478199961063,0.465959604124,0.443026405989,0.433090011214,0.416454374742,0.414367333999,0.402050116742,0.409348936082,0.37087629374,0.343333581436,0.336946294624,0.315230576694,0.319486210283,0.299966921146,0.27506363115,0.276279343609,0.276632704561,0.276913832604,0.273269637083,0.228764289563,0.235355638563,0.244463372847,0.251989713448,0.220539840957,0.180163950816,0.166666666667,0,0
1.0,0.957762464139,0.939081109888,0.913072375181,0.898209110557,0.880005564366,0.861844797197,0.843427809281,0.826670831805,0.80302985619,0.787951068434,0.769706120457,0.742740019331,0.727697806027,0.708399028843,0.705459630634,0.696014935093,0.679120064839,0.667358514867,0.656942508618,0.635546847576,0.628512177747,0.613995173459,0.598380033219,0.588273515227,0.579576091729,0.555551409395,0.531111008931,0.527915771783,0.522421031399,0.52456001266,0.502898756081,0.496612561032,0.471762934245,0.456803061057,0.435321727626,0.434925170793,0.42379028525,0.42306546498,0.420056679553,0.424716561724,0.407993808973,0.397313811798,0.404290552457,0.368212244495,0.309441709736,0.295768918329,0.274633661978,0.23445680064,0.231413929642,0.248984758283,0.223492850615,0.234243555417,0.248728594717,0,0
1.0,0.957762464139,0.937802910283,0.917964515393,0.897401782964,0.874154756162,0.852569896416,0.831828613382,0.816552598824,0.80022607073,0.777012242181,0.763150834426,0.73776016081,0.726258435099,0.712018046495,0.702230667397,0.686436387216,0.669085813451,0.645501315292,0.638726223064,0.627164157085,0.606997351079,0.58437660482,0.567657177977,0.5464929247,0.537175474912,0.518274115338,0.490404488827,0.468140974653,0.463111419844,0.447268115079,0.430020568242,0.412007127274,0.402671771282,0.400374789682,0.396914085356,0.372107795816,0.36681724777,0.348968304607,0.329971471789,0.334096829225,0.338692112785,0.330338215272,0.336216177841,0.340270525893,0.308812876542,0.298888098275,0.276394028272,0.260683557968,0.240783713694,0.250971666325,0.259261100349,0.229115900357,0,0
1.0,0.957762464139,0.939081109888,0.91976436074,0.899343930547,0.884439727349,0.860531390589,0.841609514914,0.820720807643,0.802015314563,0.788533156385,0.76914330009,0.748961698485,0.727763151536,0.713197236336,0.692395328717,0.671237979945,0.668801435166,0.650026496124,0.630166328892,0.609159811898,0.588897261342,0.574019156676,0.5520065096,0.541591384953,0.523977128039,0.520166339195,0.50853260598,0.495832682618,0.489185651095,0.467959344416,0.460055196285,0.453439834413,0.45261593334,0.453951425648,0.445553032955,0.44405366524,0.422619158009,0.409003345685,0.41711871723,0.41156160484,0.379047276987,0.348233422237,0.337742760568,0.340251221144,0.32582724603,0.311398268418,0.280428412659,0.281035048218,0.258808078269,0.240783713694,0.250971666325,0.256622354396,0.220539840957,0.229115900357,0.166666666667,0,0
1.0,0.957762464139,0.935254499606,0.91274500813,0.902579313998,0.879236237329,0.860138543521,0.840794558508,0.824527600809,0.804050790605,0.78263647329,0.764531258359,0.743881003891,0.724445085429,0.70436895511,0.687848581879,0.66457438027,0.654299476588,0.635775850935,0.627212571316,0.620971235618,0.591200114997,0.561443498574,0.542173202882,0.540130714382,0.522632325294,0.511791651393,0.498495640226,0.476310795106,0.463230751573,0.440078052762,0.415864617819,0.393282873907,0.378284951638,0.362750109737,0.373335837916,0.337470669084,0.314445643754,0.31963859338,0.321225712267,0.309005752233,0.312823690847,0.297814906548,0.259787081711,0.231121926537,0.210594043153,0.220539840957,0.229115900357,0.166666666667,0,0
1.0,0.957762464139,0.934737353034,0.913244946123,0.899774293307,0.876830825896,0.8562653166,0.836409616937,0.817134988126,0.803148260986,0.795698121737,0.782274982267,0.759027319584,0.742789080544,0.71827946493,0.713434383638,0.70428654274,0.706912893257,0.684634462191,0.678756443071,0.652464114371,0.627195869224,0.619243703504,0.598097850723,0.583133412413,0.573822602035,0.570296711132,0.560976370104,0.542531087808,0.522869827323,0.504097329259,0.50467710566,0.48117407522,0.475265118322,0.448767745907,0.429194059389,0.396292307894,0.381241882099,0.377135729115,0.377702522912,0.359933413252,0.34081190895,0.331670648819,0.337378389515,0.310336926289,0.301291269941,0.28275388712,0.261279385033,0.210594043153,0.212999765331,0.229115900357,0.25,0
1.0,0.957762464139,0.937802910283,0.910439523743,0.895815283155,0.873511738692,0.855636728001,0.83626984096,0.818578109358,0.796862051085,0.776046245635,0.757537481697,0.734852324567,0.721343876596,0.711459729786,0.689338729808,0.667227974992,0.655460059995,0.649364732626,0.628431420793,0.60886818943,0.581941343813,0.574944655498,0.551157984854,0.533437437898,0.52937657786,0.518681747787,0.514511399895,0.509376567718,0.503932014574,0.481906858687,0.467350830858,0.450186546662,0.444400952604,0.443661733661,0.443590283212,0.424912733101,0.428241537544,0.399036345269,0.393261030389,0.388179312217,0.381305914419,0.330789308515,0.336334661998,0.324246325568,0.310735687254,0.274017916643,0.257425131272,0.254452925105,0.263269257894,0.249514466052,0.271560756424,0.284965963194,0.25,0,0
1.0,0.957762464139,0.935254499606,0.911162146721,0.887016077544,0.870068849357,0.853780720705,0.842007073308,0.827772696659,0.811844773066,0.789598401433,0.763564687376,0.743920465949,0.722460144546,0.708463163448,0.698339982224,0.681101414132,0.665691669661,0.653615018286,0.646676579421,0.640623001482,0.619993483963,0.612225778961,0.591326563048,0.581719552743,0.559922959031,0.533602462676,0.521336621606,0.508000708212,0.494188301862,0.480990087013,0.451675677176,0.443288827566,0.407957058762,0.387334853101,0.373737565511,0.370240119673,0.363868972892,0.357184126518,0.33960057524,0.344994996826,0.335081431859,0.326509406164,0.316105122225,0.319934269164,0.290685044149,0.275428632588,0.257482299264,0.254457745953,0.218104976832,0.221478908687,0.226398779382,0.215866806681,0.220539840957,0.166666666667,0,0
1.0,0.957762464139,0.935254499606,0.915754444322,0.894651723205,0.877016230706,0.863747099396,0.838520123457,0.819001059425,0.795415751685,0.771545169405,0.753683372394,0.734426822074,0.721772215247,0.701076725492,0.691800691112,0.681870716181,0.664715219892,0.653603850629,0.640588169826,0.627323111854,0.59999544771,0.590836253495,0.581617268723,0.564805929316,0.546640258034,0.526917463816,0.522572966966,0.487275609011,0.479813911149,0.466551777777,0.443580934613,0.42795458965,0.407839936983,0.405661003492,0.412782313894,0.41872559628,0.396708894941,0.402162127958,0.383540811211,0.355883210898,0.357093679121,0.36456191189,0.355683273942,0.340995546496,0.304721299085,0.268322452998,0.252536211118,0.262123992517,0.259261100349,0.180163950816,0.166666666667,0,0
1.0,0.957762464139,0.937802910283,0.91976436074,0.901933746779,0.88217158101,0.866289146851,0.845762382839,0.826203950263,0.802852884609,0.785809174213,0.756671724786,0.736998299215,0.716666922045,0.69578992,0.674604968765,0.657591474135,0.645627300159,0.626972796219,0.612981170216,0.613725752965,0.599913420445,0.596938447557,0.589183578097,0.571735709785,0.5694262999,0.552147845536,0.525266894846,0.515579153205,0.484812534057,0.46493303634,0.459771841977,0.45345584263,0.447132279998,0.43832914212,0.417289268599,0.413259735196,0.409453735304,0.397764298005,0.360206317087,0.354026300523,0.323815894561,0.313542987635,0.301935867891,0.290648824628,0.292672507176,0.29669405624,0.278242369337,0.256725610955,0.240326460846,0.257032502629,0.234243555417,0.248728594717,0,0
1.0,0.957762464139,0.935254499606,0.918160969811,0.892209289604,0.870867716185,0.855527853743,0.83976728113,0.817161989896,0.794072135963,0.776758163333,0.758468582194,0.73320093763,0.705617106141,0.696451708948,0.673953985845,0.649279012247,0.638712949017,0.639883443997,0.627063827917,0.607910344969,0.598663605176,0.579002865432,0.555662787443,0.545673439822,0.543601840732,0.525513509784,0.506921818616,0.493187397926,0.479044139988,0.456770626714,0.441302261172,0.414583025162,0.389766112372,0.365968648015,0.363457265233,0.35839158835,0.352785062064,0.346940966584,0.331314341626,0.309402627174,0.298407227878,0.287582025069,0.289278126655,0.276046948489,0.275035430525,0.276034758534,0.257212091481,0.254006304706,0.239157879495,0.226398779382,0.220539840957,0.229115900357,0.25,0,0
1.0,0.957762464139,0.937802910283,0.910439523743,0.887016077544,0.868519733711,0.851918258388,0.830807698313,0.809440154302,0.797563740054,0.784045609059,0.757616911233,0.749176154596,0.729842422185,0.721577595127,0.70133267748,0.687050696216,0.664698841873,0.653432659646,0.634198377915,0.614443957144,0.59927196997,0.572803226125,0.557595464442,0.540547368748,0.530751409797,0.518999052744,0.491237695956,0.479170268909,0.465489689304,0.457309335945,0.44311015248,0.426023132587,0.40046798395,0.401665924169,0.380133637892,0.385988479597,0.369396647436,0.350622571611,0.354414377322,0.333243556259,0.312078451311,0.31514751353,0.303195439327,0.30637859148,0.291730900694,0.275762669228,0.276130799724,0.241038954951,0.248826796369,0.220539840957,0.229115900357,0,0
1.0,0.957762464139,0.927385303529,0.911162146721,0.894651723205,0.875271912219,0.854528275951,0.836405753042,0.81718853646,0.790896430008,0.768219026884,0.750421480935,0.731916898612,0.713301090862,0.704145726573,0.696717774638,0.676130183048,0.653367495067,0.636129912533,0.627214804596,0.614027398668,0.606525582983,0.592364120613,0.577232743567,0.575839402794,0.572782007777,0.56265612613,0.544353285065,0.533230116228,0.527593962964,0.498432633153,0.465682861796,0.441019271641,0.406074413455,0.404172333714,0.382836006367,0.377820517477,0.371698217291,0.366819675639,0.361880540857,0.370391822558,0.340820568137,0.332412739943,0.337696786381,0.293974675591,0.294886239637,0.27765076007,0.261503423769,0.242656919966,0.259261100349,0.229115900357,0.25,0,0
1.0,0.957762464139,0.937802910283,0.917964515393,0.897717913205,0.873689290742,0.853129561503,0.835866635254,0.814920805354,0.791302458677,0.767187929614,0.748992171809,0.724007217559,0.702183006517,0.693151397859,0.688965002854,0.680917155893,0.669881971945,0.657890330855,0.636669154876,0.616639965557,0.602550015095,0.58035726818,0.549150869026,0.539283982867,0.541597171862,0.531254001658,0.499019452082,0.500644425238,0.48108189751,0.466159927077,0.451231476532,0.426780758084,0.427745623571,0.415981445053,0.404777511623,0.389829878674,0.372943307294,0.367634199513,0.372576478521,0.327263563354,0.319473833083,0.321390978895,0.309379077628,0.278264271812,0.278885442805,0.280176678872,0.235890892954,0.241616350594,0.246224805617,0.226398779382,0.180163950816,0.166666666667,0,0
1.0,0.957762464139,0.934737353034,0.91405329402,0.891873620997,0.87040918267,0.851436330631,0.83680422568,0.822994788547,0.805207484667,0.788719632965,0.763297363623,0.742296890833,0.722617167341,0.714486375711,0.705194435317,0.701183531067,0.684337493618,0.678101815737,0.659676813656,0.640179939321,0.634786665899,0.61413890393,0.605620471746,0.590081525925,0.566002893797,0.549691216733,0.530475867614,0.517050952255,0.51279282465,0.483383572131,0.467799909065,0.452521735328,0.435796823393,0.429185123746,0.425978032298,0.424871627183,0.421690120379,0.396716874346,0.382908610465,0.388060006427,0.384395882782,0.364322466658,0.299622981071,0.301440319005,0.289114449715,0.287642309137,0.271068131134,0.259658753454,0.248083525436,0.235428267663,0.239157879495,0.246224805617,0.248551355875,0.223492850615,0.234243555417,0.229115900357,0.25,0,0
1.0,0.957762464139,0.937802910283,0.91976436074,0.901933746779,0.881309635849,0.863836996584,0.845917539934,0.829005915409,0.815628234628,0.796350297168,0.775695118678,0.75511161835,0.72901723095,0.713411404638,0.709118133498,0.706051994165,0.69611080804,0.684849081021,0.685457941796,0.662268825864,0.64809535479,0.635189889194,0.613104281247,0.597086007566,0.572570738309,0.547492147365,0.53579293916,0.516881397603,0.511863965066,0.506332734488,0.492641182282,0.486924016915,0.474328963794,0.466447806893,0.448977996565,0.446418879106,0.43218042419,0.429064865395,0.384676528689,0.397024887831,0.390087955071,0.364954289491,0.355145087771,0.347791594559,0.334304747968,0.338067049908,0.317395005076,0.248670227675,0.228696154767,0.223492850615,0.229115900357,0,0
1.0,0.957762464139,0.935254499606,0.91405329402,0.892820668673,0.872562420399,0.853066819522,0.832585356653,0.809797487428,0.791341135341,0.771128013555,0.746601238078,0.731545601909,0.716785354594,0.70870651883,0.699064410053,0.683058882238,0.678289398028,0.667213787528,0.654597609241,0.647693599597,0.640444895197,0.633181624969,0.617779850036,0.59529679778,0.577428608633,0.560133030074,0.542352220271,0.531738557027,0.527749058336,0.507133571467,0.484385536177,0.469253165307,0.443130271862,0.423970561384,0.414768444795,0.411818891065,0.417893281334,0.411054749987,0.412849675645,0.397160143309,0.392992292912,0.38465249267,0.378362809538,0.382640428649,0.377335346055,0.381649804464,0.371198330377,0.330188953009,0.307119638632,0.302539990458,0.283960722416,0.264408405899,0.229115900357,0.25,0,0
1.0,0.957762464139,0.937802910283,0.917964515393,0.899803106525,0.880475489815,0.857797731274,0.834815803336,0.812299627827,0.793178315757,0.770398709035,0.753032233702,0.733474542408,0.71363164631,0.697881110061,0.688552225977,0.685491882854,0.667689487805,0.649478646023,0.631096682098,0.610661444601,0.612981235032,0.590898323591,0.566450985959,0.557200888961,0.54754683884,0.537485785804,0.510767142238,0.493239444436,0.462180809246,0.439599727565,0.439782318383,0.42282585556,0.416546055297,0.400363278648,0.387779756045,0.384697661255,0.381362070312,0.356088962518,0.342159385436,0.333973622414,0.325881340694,0.303576448863,0.292299424582,0.295093005333,0.297116192968,0.282374010918,0.283842756891,0.234133889303,0.23682553325,0.248551355875,0.212999765331,0.220539840957,0.229115900357,0.166666666667,0,0
1.0,0.957762464139,0.939081109888,0.919733038274,0.9017622869,0.885915112114,0.873889768951,0.851477305516,0.833849186641,0.815900009082,0.795948685175,0.771116515,0.756291873236,0.734240410898,0.714380215121,0.705179048835,0.693317616053,0.672999012069,0.655117375327,0.630317521338,0.60968857325,0.595367381326,0.583665661402,0.560015733572,0.534962983053,0.516647436543,0.497215980053,0.483537906723,0.460766692527,0.447895313916,0.433580996856,0.408324829948,0.382548155837,0.377710718037,0.374228294218,0.370243007132,0.36543266831,0.349774902863,0.34389302539,0.333612287617,0.312946089767,0.285443618469,0.286313678787,0.288700873294,0.289180715997,0.279477312363,0.280652181158,0.280020173529,0.259462142075,0.233426115046,0.242152240106,0.212999765331,0.216819246264,0
1.0,0.957762464139,0.937802910283,0.918160969811,0.899288991076,0.876461594047,0.854941708604,0.838264493067,0.820421635511,0.801664287404,0.782761491324,0.76436868184,0.749585200183,0.728791302036,0.708112524431,0.686824881626,0.677029761216,0.666224595696,0.648678875007,0.623446049307,0.615610905781,0.607501556841,0.579900941414,0.571515206321,0.55519286925,0.545262416451,0.542944526614,0.538566400918,0.518562884362,0.506345638595,0.493137991244,0.460747668543,0.444264753995,0.427257684789,0.414735835764,0.422484684084,0.40618703704,0.415009775647,0.390519288717,0.386342453548,0.38104397399,0.374705516206,0.382182048868,0.348489554044,0.340978735438,0.330412772215,0.332686989037,0.297876033097,0.280441647679,0.257156604932,0.269330942637,0.249517472332,0.259261100349,0.234243555417,0.166666666667,0,0
1.0,0.957762464139,0.934737353034,0.91976436074,0.899343930547,0.880321709347,0.859490374982,0.84373381915,0.822569698431,0.806511818277,0.783436405615,0.756900913062,0.746834621513,0.726869143461,0.71819985833,0.697331818578,0.68008997413,0.657191863878,0.657715353651,0.639709447222,0.629990473811,0.609723650508,0.582259346991,0.564775966254,0.555009815737,0.528802739403,0.504945353244,0.500691638613,0.472327582035,0.458706145599,0.435703129143,0.419667691604,0.41044670153,0.388531536731,0.385606237206,0.381502072159,0.355624904319,0.350018585037,0.342442725962,0.321016165165,0.296767910267,0.299515008779,0.276707878947,0.277130154888,0.276407904318,0.273072838501,0.253010241765,0.229450684967,0.246072471339,0.223492850615,0.234243555417,0.229115900357,0.25,0,0
1.0,0.957762464139,0.935254499606,0.91405329402,0.892077484628,0.873969351564,0.851350000188,0.828418394223,0.807752537387,0.784248102571,0.766746329066,0.748907064171,0.719396297529,0.705049293944,0.704004926359,0.696640693907,0.693242803205,0.692273056415,0.674726360133,0.669132257641,0.657989625072,0.639922226304,0.619181967861,0.591073397123,0.58288883331,0.565874677948,0.56256964112,0.551910461006,0.517268988266,0.496294727241,0.481324115539,0.441662524698,0.412466229613,0.406257163258,0.399803442014,0.394430388232,0.37087484917,0.371475948903,0.351442111888,0.355936908286,0.339633231922,0.345980529071,0.339763657526,0.327341962035,0.298922649016,0.301419552776,0.261195575412,0.241616350594,0.246224805617,0.248551355875,0.226398779382,0.180163950816,0.166666666667,0,0
1.0,0.957762464139,0.935254499606,0.91274500813,0.895204041801,0.873925241149,0.853780720705,0.837561265363,0.81302502836,0.792686320362,0.769203653454,0.76263014956,0.739521738484,0.725781732401,0.710687173152,0.694609562774,0.679905382656,0.675144783053,0.657932582919,0.641607428492,0.622769774067,0.61502093062,0.60698996115,0.583262905616,0.565717532077,0.556375239392,0.540434356293,0.521430882123,0.501841575715,0.488890003518,0.475458264152,0.452958162114,0.445162611639,0.43461752066,0.409199574712,0.407454776745,0.393853481145,0.390206584683,0.386173902658,0.392339950422,0.376524858198,0.355674875464,0.348542628874,0.351093449707,0.311246463466,0.31440053087,0.297133284799,0.271892069492,0.25862913049,0.243083431531,0.251989713448,0.226398779382,0.234243555417,0.248728594717,0.25,0
1.0,0.957762464139,0.935254499606,0.918160969811,0.900529193602,0.87840812851,0.856319494513,0.831201836066,0.811082240781,0.794675948753,0.777122165979,0.757066229471,0.743233624926,0.716288962915,0.707763151181,0.687607569139,0.67676795959,0.653851685658,0.641561624422,0.640281639544,0.627448789333,0.619803916206,0.612490249121,0.58984735637,0.559754839446,0.54332372463,0.526145388768,0.50724374325,0.494367046075,0.472533075947,0.466602933439,0.441887268594,0.433733008078,0.40853545361,0.405741724664,0.401106371616,0.393912357954,0.398878107908,0.396518408382,0.382508423183,0.373515173221,0.346446133898,0.324017514499,0.32839139789,0.318899751875,0.308782472868,0.292316975553,0.276556871042,0.278702175385,0.261943243515,0.256427795613,0.23682553325,0.248551355875,0.220539840957,0.180163950816,0.166666666667,0,0
1.0,0.957762464139,0.937802910283,0.918160969811,0.899343930547,0.881479507064,0.864557183943,0.846063331566,0.823758050403,0.805336754201,0.790577225397,0.776721621187,0.75377362855,0.738568462088,0.723894520264,0.710364630789,0.694021853913,0.684276117151,0.672009064099,0.659432176067,0.658506656097,0.637442680461,0.630679567012,0.60966010788,0.59504552582,0.593114672608,0.575913680128,0.565124517777,0.555238491726,0.536128181218,0.523560446548,0.518339556686,0.50514095489,0.46554063185,0.436860702077,0.437013446204,0.435828337569,0.435512826619,0.410497380321,0.41740579543,0.412825153803,0.382495963383,0.375128026858,0.356223861477,0.361706573686,0.349412361892,0.333936176834,0.340701175644,0.344496497609,0.302077828273,0.282513137129,0.252831302415,0.234243555417,0.248728594717,0.25,0,0
1.0,0.957762464139,0.937802910283,0.918160969811,0.894126553458,0.87310754885,0.853844179176,0.831970258342,0.818609792853,0.797399517055,0.784663723654,0.763915426566,0.749208155358,0.739340338868,0.719105587141,0.709149646276,0.699328525635,0.684455883528,0.6791465945,0.673877483787,0.654544602131,0.658126982397,0.643099879316,0.628467666224,0.607336936265,0.604745272923,0.595110962881,0.57767248187,0.553178680009,0.547449009113,0.521961307623,0.500695689294,0.485087497025,0.461006441686,0.427135963361,0.421327506434,0.411703008285,0.403473794904,0.389451894629,0.375163263449,0.376681108164,0.372113944001,0.377668983271,0.370112459351,0.343144282428,0.328844432812,0.314759177429,0.273072838501,0.257212091481,0.256690594419,0.23682553325,0.246224805617,0.226398779382,0.220539840957,0.229115900357,0.25,0,0
1.0,0.957762464139,0.934737353034,0.91976436074,0.895815283155,0.873511738692,0.853168508074,0.841642819204,0.82582309517,0.808794976303,0.784160989779,0.757879007542,0.738897176655,0.718996817557,0.708124495926,0.688162440776,0.666034433623,0.64021422118,0.634862623055,0.616756022543,0.596668999826,0.584664204823,0.577177922527,0.553806428539,0.536150182471,0.516487557673,0.49608000381,0.476066243932,0.470580994706,0.456063055422,0.448450061365,0.432228691042,0.418044829482,0.39959861636,0.406259280821,0.40323202772,0.382882093251,0.36498816711,0.36920055442,0.36247987112,0.352296365422,0.358951661082,0.349929637222,0.343338353432,0.332532864506,0.321764330822,0.311129315497,0.278297584563,0.26652946397,0.247869832582,0.25260017358,0.223492850615,0.216819246264,0.229115900357,0.166666666667,0,0
1.0,0.957762464139,0.934737353034,0.910439523743,0.892424199627,0.870001620625,0.85365396231,0.835933647459,0.818426787953,0.806187309186,0.790424912255,0.766804018146,0.742129474728,0.722862708118,0.712783925615,0.703655278932,0.688602733181,0.676775704846,0.665117555429,0.645985006553,0.633435944344,0.613764683257,0.599727420607,0.583543660342,0.574315697644,0.542151592379,0.525502949567,0.513532106695,0.501663876098,0.482030949045,0.467317904108,0.452333026533,0.435893132731,0.408819514054,0.381286386459,0.38874234814,0.396010644271,0.391284391573,0.397499677613,0.382972793589,0.374282714641,0.375333285967,0.368972145021,0.334124254288,0.320946119538,0.308666286853,0.292290837623,0.276747189449,0.255530497584,0.252403716829,0.236550221048,0.242656919966,0.245507783064,0.259261100349,0.284965963194,0.25,0
1.0,0.957762464139,0.939081109888,0.919733038274,0.900203119721,0.885483096866,0.86980581627,0.851392489217,0.835857317847,0.814310193686,0.799717043398,0.785149851399,0.765369921716,0.744552891903,0.742172736992,0.73343496616,0.716258625717,0.716679631916,0.706276490479,0.69094541245,0.679052227365,0.665839085454,0.662056194527,0.656615989157,0.636043168651,0.620589343025,0.598987781928,0.566155365824,0.547084939069,0.527552419779,0.507407268434,0.486875490422,0.472659387119,0.466155637081,0.448469272773,0.427874474662,0.40634904536,0.383896354689,0.360624575549,0.356195989087,0.334986862737,0.326983972576,0.315608799891,0.318615198883,0.294848246432,0.296567445255,0.279328314876,0.261037372481,0.259706757222,0.242656919966,0.25260017358,0.284965963194,0.25,0,0
1.0,0.957762464139,0.935254499606,0.915754444322,0.894651723205,0.880475489815,0.863076904622,0.845659104234,0.821612718144,0.80653967717,0.783783449947,0.761930224027,0.748499888076,0.727575635694,0.712120354817,0.69767313361,0.675103361421,0.658736641496,0.640840767421,0.623537319247,0.62161577267,0.614382831784,0.605971787595,0.597957958922,0.595325947156,0.571687044306,0.553793609772,0.529923564134,0.508988879307,0.503500597747,0.477027389408,0.453224928597,0.430460808434,0.425122500489,0.403676680675,0.381922941071,0.366199626494,0.361205706346,0.357561765152,0.336666252735,0.327252629006,0.321241689086,0.308451203714,0.31236122793,0.316405058803,0.300990832811,0.303410671691,0.279957513988,0.267696012687,0.246224805617,0.226398779382,0.234243555417,0.248728594717,0.25,0,0
1.0,0.957762464139,0.937802910283,0.917964515393,0.892804337851,0.875618374726,0.855720688389,0.831007512068,0.806162447519,0.793901866555,0.77113889912,0.752833717713,0.731876230862,0.711915260132,0.696171514575,0.680577162079,0.657104850619,0.646099457484,0.639431935805,0.616054137583,0.602553274935,0.601497495735,0.578737594356,0.563644401305,0.566052987474,0.556625167168,0.531046489701,0.520871880132,0.502032216119,0.488853866631,0.49013827347,0.483903310264,0.47840779686,0.461394332557,0.444454067089,0.42245775706,0.430544447528,0.403711208014,0.391515526231,0.366719600753,0.359987597223,0.337643955335,0.331921677756,0.312453545324,0.276705521249,0.259586651125,0.25653916368,0.236938759583,0.245507783064,0.259261100349,0.180163950816,0.166666666667,0,0
1.0,0.957762464139,0.935254499606,0.918160969811,0.899803106525,0.879512580929,0.855649282442,0.833224813717,0.813599286551,0.788967215154,0.77079729644,0.751006997966,0.726204057655,0.714133623658,0.698733272812,0.676131448719,0.653224136393,0.642519997359,0.632144747893,0.618538380699,0.610697654784,0.589357162892,0.566374335,0.535479681433,0.52557562496,0.521349087174,0.50128724235,0.490179506844,0.491037103825,0.46125197866,0.446214267127,0.438798599921,0.43095407441,0.417487474736,0.412977717103,0.386644044788,0.38324038975,0.393129355883,0.374963186569,0.383983538903,0.363635446324,0.357908991104,0.335322760807,0.32670290888,0.276042959251,0.276732784217,0.270232893347,0.283892441418,0.262123992517,0.180163950816,0.166666666667,0,0
1.0,0.957762464139,0.935254499606,0.91274500813,0.892209289604,0.874154756162,0.855568104276,0.835874036505,0.815637334094,0.794878479584,0.773439340615,0.755260610772,0.73474354824,0.712719501275,0.701921636873,0.686964979724,0.675456353745,0.658258421094,0.634678922638,0.628234982605,0.615408791167,0.59454601171,0.579794671833,0.572357129977,0.547809976887,0.524287485562,0.502941348917,0.505692644023,0.499917888024,0.487385529487,0.465067112628,0.466345313865,0.444087583424,0.427802427261,0.43447452491,0.44229805616,0.442765973073,0.420281895066,0.416842364896,0.416106858519,0.397737355529,0.374602590597,0.340757283315,0.314341265936,0.303574909575,0.305697080184,0.296243550946,0.296718268051,0.276337372004,0.25862913049,0.239743405568,0.210594043153,0.229115900357,0.25,0
1.0,0.957762464139,0.935254499606,0.919733038274,0.900203119721,0.882779627649,0.865362154177,0.840767746482,0.825396041775,0.801474403109,0.778284645323,0.769922875951,0.75529948384,0.735341789526,0.71595983517,0.706375246242,0.703071296935,0.681543403126,0.664394816879,0.646967186888,0.634491010299,0.628234377316,0.614584870674,0.61231247217,0.597079957434,0.575796662442,0.550532887231,0.5306793014,0.52711799101,0.50369779133,0.474502984984,0.460171880971,0.460220761972,0.44399352638,0.434651555215,0.428355696812,0.434244478819,0.432879237823,0.43074056759,0.431768486344,0.415937799108,0.399080236981,0.382752072395,0.377250063199,0.354542554723,0.3451436497,0.310177650824,0.295756661594,0.279263185893,0.278194579868,0.28043177538,0.268108191046,0.242034258321,0.25260017358,0.220539840957,0.229115900357,0.25,0
1.0,0.957762464139,0.937802910283,0.918160969811,0.899288991076,0.875831696455,0.854720995615,0.831684972845,0.812295668808,0.791230861086,0.767972555556,0.748803472941,0.724162061138,0.709209586929,0.692804349124,0.687823256468,0.671339470039,0.654278216249,0.642963944012,0.62384350342,0.616545127748,0.601274810623,0.578789431387,0.562155287706,0.546221461275,0.54285272122,0.532194005319,0.534153591657,0.514741812838,0.501346434866,0.490726700519,0.485552697452,0.460699079082,0.453203964215,0.418894720757,0.397696549458,0.389000970643,0.35260819551,0.359054754708,0.342088189753,0.344137598099,0.337999780523,0.315357128192,0.319488491087,0.305418686738,0.291365771786,0.274123875154,0.274520355744,0.273811555543,0.260447732481,0.276371849741,0.252831302415,0.26488655203,0.234792533411,0.248728594717,0.25,0,0
1.0,0.957762464139,0.927385303529,0.910439523743,0.89192424057,0.872979686352,0.858781157585,0.843584507389,0.820431339029,0.801584762551,0.776866683925,0.758524229193,0.744432894877,0.724155817809,0.70911079934,0.693591765002,0.677376921891,0.671179894399,0.653783705436,0.634297289279,0.627835904223,0.608512181063,0.593980052563,0.578697275112,0.569041473898,0.552394990549,0.535303544719,0.530812124934,0.510625150285,0.497289045372,0.484910353713,0.469012983956,0.461815793868,0.444856599978,0.421984433354,0.423520365195,0.39032227736,0.364898120498,0.358210037582,0.34614499477,0.337655327366,0.314821778415,0.304039724958,0.292772672656,0.256139073265,0.252135037843,0.233640925819,0.231413929642,0.239743405568,0.248984758283,0.216819246264,0.229115900357,0.25,0,0
1.0,0.957762464139,0.937802910283,0.918160969811,0.897563130136,0.875496959889,0.85770664586,0.838170017923,0.82150471207,0.808924263192,0.789899486082,0.765202941968,0.749820854238,0.734105819875,0.731139515596,0.714301148564,0.704747016075,0.700380541213,0.689818586394,0.672548819368,0.653116905933,0.63412923651,0.612961856032,0.597525007173,0.596014001359,0.586660438422,0.583673853523,0.572287297626,0.562636445173,0.536491219885,0.50802953643,0.484090915646,0.471172316837,0.455743833318,0.444391923108,0.434115692237,0.411881583054,0.410528373163,0.408202959194,0.381091124872,0.376169514544,0.354365660007,0.35800953307,0.317939693289,0.305269284406,0.309209879495,0.312087682282,0.301335836221,0.282983441888,0.290887790888,0.265832617318,0.278587572715,0.288825209127,0.229115900357,0.25,0
1.0,0.957762464139,0.935254499606,0.907192969748,0.890744171133,0.871244999646,0.846849177935,0.828294665055,0.808436320869,0.787506767539,0.775906694278,0.754424054291,0.736229363283,0.721407583189,0.708065743179,0.701898325584,0.69691245971,0.674728726585,0.663687450542,0.638888003373,0.612651069102,0.611377625257,0.595971931392,0.581544578088,0.556921542564,0.539198397189,0.534948285678,0.516254036317,0.487650958748,0.474892387819,0.470199967624,0.460048065657,0.438784423618,0.426065949509,0.413578713281,0.411449194775,0.409297691913,0.406213962522,0.390370952467,0.38404587415,0.351595198312,0.342652974977,0.317181920902,0.304345882918,0.308217764819,0.312684845022,0.301781653523,0.30143585313,0.305153237251,0.271067020255,0.250971666325,0.226398779382,0.220539840957,0.229115900357,0.166666666667,0,0
1.0,0.957762464139,0.937802910283,0.918160969811,0.897717913205,0.875198199746,0.862992462467,0.845326730283,0.82949411442,0.815631181135,0.797721057078,0.773694587066,0.753101585055,0.742784874366,0.739669944779,0.724039981724,0.708940755315,0.699580808044,0.682859645932,0.659320434666,0.634585874366,0.62115221856,0.606410450953,0.59191988415,0.574886224173,0.566330538249,0.563733047807,0.545844077832,0.517742106062,0.497522984449,0.466615154549,0.450046450604,0.424445515024,0.38762498947,0.394657089039,0.382235442479,0.359244771278,0.353610996399,0.357976201895,0.336780095406,0.339254286879,0.344476910627,0.328418829426,0.302566284903,0.292184455537,0.291748722136,0.2964540398,0.297566580778,0.248728648513,0.235428267663,0.239743405568,0.212999765331,0.229115900357,0.25,0
1.0,0.957762464139,0.937802910283,0.910439523743,0.892209289604,0.875465609611,0.864005012322,0.845635959225,0.824989111376,0.804629981413,0.784686378397,0.760033537722,0.74627656391,0.732933473713,0.717946707093,0.708797074597,0.698271160198,0.681151791188,0.657756201711,0.641289252356,0.6335744455,0.605661080863,0.591472707989,0.576380609858,0.556198553465,0.546106105073,0.534438400171,0.507228789575,0.495192307588,0.474367124294,0.460323985587,0.443904311733,0.437619788131,0.435536154964,0.426341163743,0.424364666126,0.424075747317,0.421465225955,0.419912441927,0.388669834011,0.387144965854,0.363809511697,0.355207154869,0.345251660824,0.332187471104,0.318064466633,0.278935502182,0.258174138331,0.265708915773,0.240326460846,0.247869832582,0.25260017358,0.216819246264,0.229115900357,0.166666666667,0,0
1.0,0.957762464139,0.937802910283,0.917964515393,0.898221554896,0.883097360675,0.863216708587,0.839319723008,0.821001621483,0.80206119977,0.78349133969,0.759097158447,0.74455779385,0.723972424175,0.709539461146,0.694138335624,0.677872547207,0.654353045177,0.641929726622,0.635437766165,0.630009134028,0.608636812692,0.608726354051,0.59974069589,0.590534725255,0.550022939632,0.531018635835,0.526647708077,0.507710649676,0.486739174761,0.482470669095,0.468458872663,0.444242795294,0.442372471112,0.42832110395,0.407056582421,0.381385871962,0.37695619259,0.371497482271,0.376623566867,0.358557394653,0.365589674241,0.344861214679,0.321958770749,0.326358850866,0.313597602867,0.315108399884,0.29804439677,0.253276937167,0.249199151229,0.260683557968,0.243461122446,0.25260017358,0.216819246264,0.229115900357,0.166666666667,0,0
1.0,0.957762464139,0.934737353034,0.91976436074,0.899041434783,0.877665481201,0.865897585152,0.845820401109,0.829160428273,0.812970286681,0.790998244479,0.772954928556,0.754046961551,0.727257864426,0.723451761903,0.707487791619,0.702445725872,0.681140726208,0.662566003206,0.650632914381,0.631309217018,0.61097792403,0.603308819023,0.581703902493,0.558683166542,0.541007244201,0.517055167888,0.505479493399,0.500117289778,0.494723392902,0.482777068003,0.468371126471,0.445270195216,0.436139265538,0.419292127505,0.406758305771,0.404043269234,0.369673389878,0.372972985651,0.367949905106,0.336297116147,0.329519112132,0.308956311185,0.312709522362,0.302371865148,0.273760513133,0.259102948413,0.2597294608,0.254267530404,0.249611255824,0.259706757222,0.239743405568,0.210594043153,0.212999765331,0.220539840957,0.229115900357,0,0
1.0,0.957762464139,0.939081109888,0.919733038274,0.901906430472,0.882060186275,0.865722546138,0.84653550788,0.824961044906,0.804488586003,0.781256866323,0.765295073001,0.739369057166,0.733941831413,0.715382122777,0.705809455657,0.689459486691,0.676709238783,0.659529191705,0.641015825104,0.615028972469,0.601205674688,0.573378838455,0.558681897599,0.5420876874,0.516164727376,0.511822207315,0.491816743267,0.478404174879,0.472488049211,0.458498464717,0.434098149415,0.416193740619,0.408147762068,0.386292544221,0.383208089496,0.379366248431,0.364982757332,0.348713497532,0.342086009858,0.346364035617,0.351183607409,0.346763323579,0.336569399671,0.325360537566,0.314155152421,0.302117037813,0.262163191069,0.264286992971,0.242294688002,0.243461122446,0.223492850615,0.229115900357,0,0
1.0,0.957762464139,0.937802910283,0.918160969811,0.894651723205,0.874526504601,0.856204970315,0.832667077496,0.808611002764,0.787445910993,0.774366647577,0.751043070729,0.73739419367,0.721562669597,0.701773266903,0.685178435052,0.668840474553,0.651817197449,0.627863817775,0.61579170444,0.607878250325,0.592030767963,0.595558303843,0.572574446931,0.564255136676,0.548285215584,0.529857722062,0.51934078581,0.513646025358,0.509558323314,0.487510993274,0.464945591415,0.449399620768,0.42540650802,0.40376153382,0.401570150225,0.407420193968,0.405289354256,0.414045216439,0.399066153958,0.391688392677,0.370342074481,0.345566468638,0.335962574899,0.339000341214,0.32504136195,0.310688426914,0.296530611188,0.299440926104,0.279042854732,0.263495648859,0.280867433583,0.212999765331,0.220539840957,0.229115900357,0.166666666667,0,0
1.0,0.957762464139,0.927385303529,0.910439523743,0.894126553458,0.875618374726,0.854567081315,0.832248927415,0.814540175746,0.800984065137,0.78354248813,0.763595499922,0.749242059458,0.733531244667,0.724153647038,0.718909698267,0.702959595619,0.698190914962,0.688471976563,0.682929297754,0.675160083181,0.657834130037,0.624534857384,0.610132035491,0.600563935255,0.583593649776,0.559732916585,0.541039813497,0.513872387224,0.493443596219,0.479822185354,0.474338420272,0.47473553239,0.460540343926,0.444594700796,0.416842368781,0.409105615817,0.406606054468,0.403565816985,0.383119784541,0.367309147598,0.348987524627,0.343420215563,0.334197060989,0.307493253228,0.294506653798,0.279212364774,0.259493582866,0.23377830384,0.238862905491,0.226398779382,0.215866806681,0.220539840957,0.229115900357,0,0
1.0,0.957762464139,0.934737353034,0.917964515393,0.894126553458,0.878788757058,0.863959981477,0.842159707439,0.833170957719,0.814299018195,0.790406438679,0.776121777211,0.750460885932,0.735568759064,0.731850344532,0.71232189393,0.691307506352,0.675664495302,0.66500252867,0.64017324392,0.621571360094,0.61420854518,0.601431324944,0.577780784435,0.568743182313,0.56694278204,0.542843100211,0.523789190853,0.511883656271,0.505719242903,0.474824174615,0.45912409463,0.454439161814,0.436491801448,0.425573015539,0.404190990085,0.411731862489,0.382563525787,0.378607462555,0.365891970971,0.348969085796,0.343259658158,0.345958197968,0.348474414034,0.322603473267,0.290726315917,0.293807913991,0.273414096035,0.252218347147,0.23543959265,0.241616350594,0.248551355875,0.220539840957,0.229115900357,0.25,0
1.0,0.957762464139,0.935254499606,0.91274500813,0.892820668673,0.879456225412,0.859217592742,0.843225046017,0.825777820914,0.801849167433,0.787969418528,0.762964842713,0.738954867937,0.72014286721,0.701090891789,0.69151580469,0.674508861255,0.663665644026,0.65784225902,0.646242581807,0.627339922668,0.612238699767,0.610885056916,0.602819751415,0.587783249682,0.56391663578,0.560194263218,0.541178898403,0.515442650757,0.486347106199,0.480478962003,0.460402724465,0.454885294092,0.447383994704,0.420495979839,0.40846525556,0.404578174939,0.402816320068,0.3984088301,0.392222665334,0.375856017554,0.368176080911,0.346513504458,0.351831005967,0.323339164222,0.307780135039,0.292286538512,0.256543668829,0.209430584958,0.204346484876,0.205023536424,0.210594043153,0.212999765331,0.216819246264,0.229115900357,0.166666666667,0,0
1.0,0.957762464139,0.937802910283,0.918160969811,0.901906430472,0.885982647208,0.869265707364,0.851193268158,0.831901334255,0.814689821968,0.792249181393,0.773922495773,0.752547756339,0.742256059362,0.734367097432,0.724899973762,0.709259036515,0.687233934816,0.675735006045,0.670374675434,0.651921902464,0.644994412904,0.625712873206,0.602656653029,0.580479244787,0.56192810289,0.552483466733,0.534638638213,0.517172249049,0.511619794985,0.490059076132,0.474957363051,0.443900156406,0.443507542048,0.432594752455,0.423216784805,0.422017084793,0.417306829441,0.414471105638,0.399007980538,0.365834856636,0.358901230773,0.366216705544,0.372677974837,0.36434879435,0.355376773146,0.330490759653,0.297960964489,0.2796374726,0.278260836053,0.268147339819,0.252536211118,0.254843622942,0.271560756424,0.229115900357,0,0
1.0,0.957762464139,0.934737353034,0.91405329402,0.892820668673,0.869415213564,0.848148422363,0.838009373636,0.819130517937,0.80098846874,0.782973233112,0.75734767145,0.736379436835,0.711599287617,0.689963007081,0.672993816841,0.662475729746,0.644081924707,0.618467288302,0.592042459296,0.57137517656,0.56358064858,0.555659396716,0.553677782968,0.537026599269,0.518031215673,0.505902393888,0.493938844511,0.481846676188,0.468711397275,0.438520812165,0.439732544448,0.423240636353,0.424012835309,0.400080286573,0.397087842638,0.373554311923,0.360033590901,0.355051947486,0.338352639437,0.318099382914,0.321675900671,0.312283337937,0.288111085901,0.275805233222,0.276821642011,0.279250089926,0.261540564161,0.259586651125,0.235890892954,0.239393952031,0.210594043153,0.212999765331,0.229115900357,0.166666666667,0,0
1.0,0.957762464139,0.934737353034,0.913244946123,0.892820668673,0.880335650104,0.860306955244,0.843371540627,0.823237665178,0.801687984291,0.778194913751,0.754784982918,0.729401599969,0.721420991423,0.701683977698,0.691247624652,0.676038361184,0.664672185819,0.663426490784,0.637955676946,0.616701874831,0.600328287278,0.585828203223,0.562313150336,0.553112860926,0.536352750746,0.524678454436,0.511561379164,0.481443725802,0.476178043254,0.451491327795,0.428884644353,0.423740249305,0.387842690649,0.378474028784,0.372030796039,0.356422428727,0.35111073887,0.332900032848,0.323818171785,0.3264018022,0.31485752911,0.303690400479,0.275685908709,0.256195305623,0.255015075113,0.253753440556,0.230509032535,0.235355638563,0.242656919966,0.25260017358,0.259261100349,0.284965963194,0.25,0,0
1.0,0.957762464139,0.937802910283,0.917964515393,0.894126553458,0.871682884158,0.860984626209,0.846347302203,0.827360706235,0.80783202065,0.785177523401,0.771885732222,0.747635341238,0.72217493425,0.700981445863,0.68605038641,0.67543151353,0.658898266612,0.634487326839,0.628470748359,0.608161556562,0.595685733315,0.575096061012,0.565297478982,0.554570958344,0.529275252146,0.510494491671,0.480691173966,0.476747243908,0.455953098917,0.441325061921,0.407057422895,0.407487012116,0.400491890517,0.391911515679,0.36951081104,0.364346986619,0.359844220248,0.344689085031,0.324899621633,0.329705884416,0.327282624619,0.332071824977,0.320104854811,0.324265155428,0.313307220973,0.273018588049,0.252948078819,0.249611255824,0.232952976766,0.231413929642,0.239743405568,0.248984758283,0.223492850615,0.234243555417,0.166666666667,0,0
1.0,0.957762464139,0.935254499606,0.91274500813,0.897563130136,0.879945335813,0.85869869783,0.844443970549,0.82072328396,0.799252424649,0.785866930723,0.772132554471,0.761635126644,0.73568154254,0.723400274077,0.708608425778,0.693663456573,0.688743271512,0.670177964027,0.665627202782,0.646173566667,0.63334348568,0.620686202005,0.605320533535,0.583836954406,0.566188564221,0.541594247685,0.529784800682,0.507692436199,0.486656355902,0.481634991892,0.460636134911,0.437065051313,0.415707058539,0.413303128252,0.395925007049,0.391640035718,0.388713111074,0.372724066699,0.357924169127,0.349960204356,0.353696009043,0.329863795285,0.319949872647,0.325753029949,0.314479390109,0.296347810762,0.256881876913,0.253923769613,0.241091063219,0.223492850615,0.234243555417,0.166666666667,0,0
1.0,0.957762464139,0.934737353034,0.910439523743,0.892209289604,0.866561364769,0.848642317247,0.828945199483,0.816049239987,0.798762261059,0.777877728753,0.759944953959,0.746516866808,0.720751970671,0.701849845302,0.698707812444,0.676948853455,0.671157881899,0.647015487134,0.640715070568,0.621364304669,0.6079432174,0.599243081248,0.583249134327,0.573425826654,0.557413004215,0.539364475577,0.527106997695,0.498519247605,0.4789090262,0.44737763657,0.441050593789,0.409249535369,0.392592709796,0.378272250168,0.373494360133,0.369945520417,0.364096285061,0.35624836237,0.338952485615,0.329722286042,0.3218124925,0.323913716736,0.299949740106,0.286871323904,0.286284250214,0.248703801654,0.248608755909,0.237833066946,0.235257570776,0.206037567585,0.208939700455,0.215866806681,0.185880415618,0.180163950816,0.166666666667,0,0
1.0,0.957762464139,0.937802910283,0.919733038274,0.895204041801,0.881419733844,0.858670191675,0.83698207545,0.817167569817,0.795259667266,0.76962914414,0.745236210748,0.731370033882,0.711278006571,0.697302271141,0.687374695532,0.670568275897,0.647496607767,0.635312548071,0.622505693008,0.61516825953,0.595679826413,0.587660815209,0.572113005645,0.569806020814,0.553071581172,0.536004778614,0.515480629588,0.493852400253,0.479789496975,0.474447323198,0.467632094043,0.438511534292,0.430174667861,0.418327930212,0.405244790748,0.389498575321,0.386438713115,0.371194659497,0.364636335123,0.358983753935,0.341409733029,0.315871250415,0.303512427635,0.271106893564,0.252715730125,0.234246911516,0.232027684024,0.22702348477,0.235355638563,0.239743405568,0.248551355875,0.223492850615,0.248728594717,0.25,0,0
1.0,0.957762464139,0.937802910283,0.91976436074,0.901933746779,0.886376655649,0.864193280013,0.841556842811,0.816005016616,0.797432697726,0.774798834079,0.751320899324,0.72950076487,0.719996117942,0.710765694221,0.701066290203,0.686051968374,0.670048146685,0.653531600369,0.636306318637,0.616079016561,0.602058201809,0.572676747389,0.557767519559,0.554855361081,0.537347769984,0.526163776617,0.508882057551,0.503020775247,0.474377615796,0.45167281417,0.435607936266,0.427712550124,0.408611840209,0.405554431863,0.402998070808,0.387051896438,0.379397663984,0.378544134774,0.373484979018,0.369097920582,0.34617577234,0.337772885043,0.326247543506,0.297904676095,0.280714991571,0.282582651877,0.296274760888,0.280795747791,0.226398779382,0.220539840957,0.229115900357,0.166666666667,0,0
1.0,0.957762464139,0.937802910283,0.919733038274,0.896063183063,0.874274086149,0.857354395351,0.839173388542,0.820209618141,0.804017453847,0.781267162449,0.762286999467,0.737802918097,0.716213851104,0.712203448202,0.702724881924,0.699603170502,0.683366991248,0.666051698131,0.653418156248,0.635363733438,0.613799694518,0.585258400083,0.583059471939,0.558550621831,0.534454749028,0.524473935552,0.506522543314,0.47762315344,0.463160147773,0.432330467772,0.425418889188,0.415676075142,0.403269894844,0.409317933101,0.40680221974,0.378367324592,0.385075825688,0.392387728062,0.364557508426,0.342856490242,0.351221403859,0.323202495197,0.29053881588,0.279333077768,0.279938744339,0.259595481259,0.231536423366,0.236550221048,0.243461122446,0.273910233926,0.248728594717,0.25,0
1.0,0.957762464139,0.934737353034,0.917964515393,0.89192424057,0.873220670297,0.855553842354,0.83303947043,0.814846105417,0.798095686206,0.772570519694,0.754812474709,0.727051766842,0.704183961801,0.701054164883,0.68618551303,0.669788639425,0.670864446157,0.670288726637,0.659703014359,0.647818023306,0.643495784219,0.629503196097,0.616291939368,0.601677830841,0.587540202066,0.564109923625,0.558949000079,0.561233869751,0.542004473869,0.521656862273,0.506333377638,0.483212579277,0.468854964698,0.455451100751,0.439571139564,0.44263973799,0.409989781233,0.393641225467,0.392677316282,0.361622720166,0.342648197012,0.346493440063,0.340992309706,0.316963369225,0.318541787223,0.306318329955,0.292442398725,0.279035510567,0.281411724988,0.257141121934,0.23739443474,0.246072471339,0.212999765331,0.216819246264,0.25,0
1.0,0.957762464139,0.924110019761,0.91011376448,0.893360773718,0.871319853878,0.852700460333,0.833127054314,0.817062651619,0.799640781491,0.781587976064,0.756973832831,0.736926021694,0.710966529113,0.690168028987,0.674981543606,0.664323211107,0.652564848404,0.633588881673,0.633454265169,0.613485701229,0.600794558617,0.581263875565,0.565392680726,0.540918614484,0.543735832343,0.540750721539,0.529172305144,0.509083940106,0.487946723829,0.465912726926,0.450162393966,0.434119760516,0.433102014374,0.420589610515,0.408425855418,0.407078255431,0.399968441613,0.395843159077,0.377201758525,0.357249881299,0.349967853204,0.340863995666,0.329089561171,0.320472727027,0.307920031874,0.289770593372,0.262310807235,0.274346944406,0.248984758283,0.234792533411,0.25,0,0
1.0,0.957762464139,0.935254499606,0.911162146721,0.894651723205,0.879480745214,0.860195299293,0.83882675481,0.813083520789,0.791321529879,0.776047398448,0.751991505322,0.731043174802,0.714136658637,0.700702427328,0.691226930375,0.681196063207,0.67056962843,0.658713591734,0.64057921662,0.63341833845,0.620148808553,0.612284409187,0.603459694002,0.593754101381,0.577972810999,0.566580883605,0.556548022129,0.546575365746,0.541434419213,0.506262398538,0.482143201535,0.468408967326,0.446320474375,0.445012920209,0.416210049164,0.394215938704,0.400483038071,0.39360912658,0.388814493842,0.385055662596,0.38892103818,0.382118484879,0.362580452264,0.355211252965,0.347265808781,0.323102798057,0.270252191728,0.251975054066,0.230511767872,0.242165177107,0.251989713448,0.226819764172,0.234243555417,0.229115900357,0.166666666667,0,0
